-28,37,3NJH59Oj6QfB6AzqAPAoySFmsbg=,z/23uEzbN0meJdJ3gwrWS7qwUJw=
-25,39,ey4YGNdZbQR6xHYxJbuvCQWI0Go=,z/23uEzbN0meJdJ3gwrWS7qwUJw=
-27,39,WttjJ6zLdEKjdMfyDP0hBpWUxE0=,z/23uEzbN0meJdJ3gwrWS7qwUJw=
-26,39,WttjJ6zLdEKjdMfyDP0hBpWUxE0=,z/23uEzbN0meJdJ3gwrWS7qwUJw=
-22,41,NgZaSN33lwK+5RGk9zZdMNNLcj0=,5pn8moDwEl9TgI11GsybLvMQtu8=
-21,41,NgZaSN33lwK+5RGk9zZdMNNLcj0=,5pn8moDwEl9TgI11GsybLvMQtu8=
-23,41,NgZaSN33lwK+5RGk9zZdMNNLcj0=,5pn8moDwEl9TgI11GsybLvMQtu8=
-28,39,HYrEXHixIxQa4Xvz+dY1ASrMtg4=,z/23uEzbN0meJdJ3gwrWS7qwUJw=
-24,43,47gp+bEXKdJNsW+UTiCSjcfu1RM=,5pn8moDwEl9TgI11GsybLvMQtu8=
-17,39,bzj6RB6X41aTuRjNmpm+rq/eSpc=,NWKJ2Nl91dj83e/p7jrTC2mNg7M=
-23,42,PfuSQNr/Q7aLHzw6lTF3Ko6Um0c=,5pn8moDwEl9TgI11GsybLvMQtu8=
-25,43,PfuSQNr/Q7aLHzw6lTF3Ko6Um0c=,NBG8bopLl1DUnT/f1PLJBJ9puhk=
-22,42,PfuSQNr/Q7aLHzw6lTF3Ko6Um0c=,5pn8moDwEl9TgI11GsybLvMQtu8=
-28,40,PfuSQNr/Q7aLHzw6lTF3Ko6Um0c=,NBG8bopLl1DUnT/f1PLJBJ9puhk=
-24,39,PfuSQNr/Q7aLHzw6lTF3Ko6Um0c=,NWKJ2Nl91dj83e/p7jrTC2mNg7M=
-18,39,T98K3Ks/jNHG9OnjP3E4vyGf+BQ=,NWKJ2Nl91dj83e/p7jrTC2mNg7M=
-25,40,T98K3Ks/jNHG9OnjP3E4vyGf+BQ=,NBG8bopLl1DUnT/f1PLJBJ9puhk=
-19,36,62V+r9z4qWf8jycexcGzBIFpWBQ=,NWKJ2Nl91dj83e/p7jrTC2mNg7M=
-27,40,62V+r9z4qWf8jycexcGzBIFpWBQ=,NBG8bopLl1DUnT/f1PLJBJ9puhk=
-20,39,62V+r9z4qWf8jycexcGzBIFpWBQ=,NWKJ2Nl91dj83e/p7jrTC2mNg7M=
-18,36,62V+r9z4qWf8jycexcGzBIFpWBQ=,NWKJ2Nl91dj83e/p7jrTC2mNg7M=
-26,43,jkuSoVNjlBcmT7cJXcTepNrBS6A=,NBG8bopLl1DUnT/f1PLJBJ9puhk=
-26,40,jkuSoVNjlBcmT7cJXcTepNrBS6A=,NBG8bopLl1DUnT/f1PLJBJ9puhk=
-20,36,jkuSoVNjlBcmT7cJXcTepNrBS6A=,NWKJ2Nl91dj83e/p7jrTC2mNg7M=
-19,39,UQ6ithy73S3rdIhme/w8zkjcaNI=,NWKJ2Nl91dj83e/p7jrTC2mNg7M=
-21,39,UQ6ithy73S3rdIhme/w8zkjcaNI=,NWKJ2Nl91dj83e/p7jrTC2mNg7M=
-17,38,UQ6ithy73S3rdIhme/w8zkjcaNI=,NWKJ2Nl91dj83e/p7jrTC2mNg7M=
-24,42,UQ6ithy73S3rdIhme/w8zkjcaNI=,5pn8moDwEl9TgI11GsybLvMQtu8=
-20,38,UQ6ithy73S3rdIhme/w8zkjcaNI=,NWKJ2Nl91dj83e/p7jrTC2mNg7M=
-27,43,UQ6ithy73S3rdIhme/w8zkjcaNI=,NBG8bopLl1DUnT/f1PLJBJ9puhk=
-17,36,9ZtcKbTxtVzHdiDgKrzMuePECz8=,NWKJ2Nl91dj83e/p7jrTC2mNg7M=
-17,43,wrQSDPhV7GlQraloBqsXj/IATSI=,5pn8moDwEl9TgI11GsybLvMQtu8=
-19,38,wrQSDPhV7GlQraloBqsXj/IATSI=,NWKJ2Nl91dj83e/p7jrTC2mNg7M=
-18,37,wrQSDPhV7GlQraloBqsXj/IATSI=,NWKJ2Nl91dj83e/p7jrTC2mNg7M=
-20,37,wrQSDPhV7GlQraloBqsXj/IATSI=,NWKJ2Nl91dj83e/p7jrTC2mNg7M=
-18,38,VNmVkxg0RcY/P4v9FNkoTrcQ6Dw=,NWKJ2Nl91dj83e/p7jrTC2mNg7M=
-19,37,VNmVkxg0RcY/P4v9FNkoTrcQ6Dw=,NWKJ2Nl91dj83e/p7jrTC2mNg7M=
-17,37,zfw7aAT9A5xlN4iC/B1J4llwWRs=,NWKJ2Nl91dj83e/p7jrTC2mNg7M=
-22,39,zfw7aAT9A5xlN4iC/B1J4llwWRs=,NWKJ2Nl91dj83e/p7jrTC2mNg7M=
-17,42,zfw7aAT9A5xlN4iC/B1J4llwWRs=,5pn8moDwEl9TgI11GsybLvMQtu8=
-24,41,zfw7aAT9A5xlN4iC/B1J4llwWRs=,5pn8moDwEl9TgI11GsybLvMQtu8=
-28,43,zfw7aAT9A5xlN4iC/B1J4llwWRs=,NBG8bopLl1DUnT/f1PLJBJ9puhk=
-17,41,zfw7aAT9A5xlN4iC/B1J4llwWRs=,5pn8moDwEl9TgI11GsybLvMQtu8=
-17,40,zfw7aAT9A5xlN4iC/B1J4llwWRs=,5pn8moDwEl9TgI11GsybLvMQtu8=
-18,42,zfw7aAT9A5xlN4iC/B1J4llwWRs=,5pn8moDwEl9TgI11GsybLvMQtu8=
-18,43,zfw7aAT9A5xlN4iC/B1J4llwWRs=,5pn8moDwEl9TgI11GsybLvMQtu8=
-19,42,zfw7aAT9A5xlN4iC/B1J4llwWRs=,5pn8moDwEl9TgI11GsybLvMQtu8=
-20,43,zfw7aAT9A5xlN4iC/B1J4llwWRs=,5pn8moDwEl9TgI11GsybLvMQtu8=
-18,41,zfw7aAT9A5xlN4iC/B1J4llwWRs=,5pn8moDwEl9TgI11GsybLvMQtu8=
-19,43,zfw7aAT9A5xlN4iC/B1J4llwWRs=,5pn8moDwEl9TgI11GsybLvMQtu8=
-19,41,zfw7aAT9A5xlN4iC/B1J4llwWRs=,5pn8moDwEl9TgI11GsybLvMQtu8=
-20,41,zfw7aAT9A5xlN4iC/B1J4llwWRs=,5pn8moDwEl9TgI11GsybLvMQtu8=
-18,40,zfw7aAT9A5xlN4iC/B1J4llwWRs=,5pn8moDwEl9TgI11GsybLvMQtu8=
-25,38,zfw7aAT9A5xlN4iC/B1J4llwWRs=,z/23uEzbN0meJdJ3gwrWS7qwUJw=
-21,40,zfw7aAT9A5xlN4iC/B1J4llwWRs=,5pn8moDwEl9TgI11GsybLvMQtu8=
-19,40,zfw7aAT9A5xlN4iC/B1J4llwWRs=,5pn8moDwEl9TgI11GsybLvMQtu8=
-20,40,zfw7aAT9A5xlN4iC/B1J4llwWRs=,5pn8moDwEl9TgI11GsybLvMQtu8=
-25,37,zfw7aAT9A5xlN4iC/B1J4llwWRs=,z/23uEzbN0meJdJ3gwrWS7qwUJw=
-20,42,zfw7aAT9A5xlN4iC/B1J4llwWRs=,5pn8moDwEl9TgI11GsybLvMQtu8=
-25,42,zfw7aAT9A5xlN4iC/B1J4llwWRs=,NBG8bopLl1DUnT/f1PLJBJ9puhk=
-25,36,zfw7aAT9A5xlN4iC/B1J4llwWRs=,z/23uEzbN0meJdJ3gwrWS7qwUJw=
-23,39,zfw7aAT9A5xlN4iC/B1J4llwWRs=,NWKJ2Nl91dj83e/p7jrTC2mNg7M=
-21,37,zfw7aAT9A5xlN4iC/B1J4llwWRs=,NWKJ2Nl91dj83e/p7jrTC2mNg7M=
-23,37,zfw7aAT9A5xlN4iC/B1J4llwWRs=,NWKJ2Nl91dj83e/p7jrTC2mNg7M=
-22,37,zfw7aAT9A5xlN4iC/B1J4llwWRs=,NWKJ2Nl91dj83e/p7jrTC2mNg7M=
-22,40,zfw7aAT9A5xlN4iC/B1J4llwWRs=,5pn8moDwEl9TgI11GsybLvMQtu8=
-21,36,zfw7aAT9A5xlN4iC/B1J4llwWRs=,NWKJ2Nl91dj83e/p7jrTC2mNg7M=
-24,37,zfw7aAT9A5xlN4iC/B1J4llwWRs=,NWKJ2Nl91dj83e/p7jrTC2mNg7M=
-26,42,zfw7aAT9A5xlN4iC/B1J4llwWRs=,NBG8bopLl1DUnT/f1PLJBJ9puhk=
-21,38,zfw7aAT9A5xlN4iC/B1J4llwWRs=,NWKJ2Nl91dj83e/p7jrTC2mNg7M=
-24,36,zfw7aAT9A5xlN4iC/B1J4llwWRs=,NWKJ2Nl91dj83e/p7jrTC2mNg7M=
-22,36,zfw7aAT9A5xlN4iC/B1J4llwWRs=,NWKJ2Nl91dj83e/p7jrTC2mNg7M=
-27,37,zfw7aAT9A5xlN4iC/B1J4llwWRs=,z/23uEzbN0meJdJ3gwrWS7qwUJw=
-26,37,zfw7aAT9A5xlN4iC/B1J4llwWRs=,z/23uEzbN0meJdJ3gwrWS7qwUJw=
-23,36,zfw7aAT9A5xlN4iC/B1J4llwWRs=,NWKJ2Nl91dj83e/p7jrTC2mNg7M=
-22,38,zfw7aAT9A5xlN4iC/B1J4llwWRs=,NWKJ2Nl91dj83e/p7jrTC2mNg7M=
-23,40,zfw7aAT9A5xlN4iC/B1J4llwWRs=,5pn8moDwEl9TgI11GsybLvMQtu8=
-23,38,zfw7aAT9A5xlN4iC/B1J4llwWRs=,NWKJ2Nl91dj83e/p7jrTC2mNg7M=
-28,38,zfw7aAT9A5xlN4iC/B1J4llwWRs=,z/23uEzbN0meJdJ3gwrWS7qwUJw=
-26,36,zfw7aAT9A5xlN4iC/B1J4llwWRs=,z/23uEzbN0meJdJ3gwrWS7qwUJw=
-27,38,zfw7aAT9A5xlN4iC/B1J4llwWRs=,z/23uEzbN0meJdJ3gwrWS7qwUJw=
-26,38,zfw7aAT9A5xlN4iC/B1J4llwWRs=,z/23uEzbN0meJdJ3gwrWS7qwUJw=
-28,36,zfw7aAT9A5xlN4iC/B1J4llwWRs=,z/23uEzbN0meJdJ3gwrWS7qwUJw=
-24,38,zfw7aAT9A5xlN4iC/B1J4llwWRs=,NWKJ2Nl91dj83e/p7jrTC2mNg7M=
-21,43,zfw7aAT9A5xlN4iC/B1J4llwWRs=,5pn8moDwEl9TgI11GsybLvMQtu8=
-27,36,zfw7aAT9A5xlN4iC/B1J4llwWRs=,z/23uEzbN0meJdJ3gwrWS7qwUJw=
-23,43,zfw7aAT9A5xlN4iC/B1J4llwWRs=,5pn8moDwEl9TgI11GsybLvMQtu8=
-22,43,zfw7aAT9A5xlN4iC/B1J4llwWRs=,5pn8moDwEl9TgI11GsybLvMQtu8=
-27,42,zfw7aAT9A5xlN4iC/B1J4llwWRs=,NBG8bopLl1DUnT/f1PLJBJ9puhk=
-24,40,zfw7aAT9A5xlN4iC/B1J4llwWRs=,5pn8moDwEl9TgI11GsybLvMQtu8=
-21,42,zfw7aAT9A5xlN4iC/B1J4llwWRs=,5pn8moDwEl9TgI11GsybLvMQtu8=
-27,41,SLcPoaynACLn7EA/+3SQ9A59ZU4=,NBG8bopLl1DUnT/f1PLJBJ9puhk=
-26,41,SLcPoaynACLn7EA/+3SQ9A59ZU4=,NBG8bopLl1DUnT/f1PLJBJ9puhk=
-28,41,SLcPoaynACLn7EA/+3SQ9A59ZU4=,NBG8bopLl1DUnT/f1PLJBJ9puhk=
-32,47,SLcPoaynACLn7EA/+3SQ9A59ZU4=,NBG8bopLl1DUnT/f1PLJBJ9puhk=
-25,47,SLcPoaynACLn7EA/+3SQ9A59ZU4=,NBG8bopLl1DUnT/f1PLJBJ9puhk=
-27,47,SLcPoaynACLn7EA/+3SQ9A59ZU4=,NBG8bopLl1DUnT/f1PLJBJ9puhk=
-26,47,SLcPoaynACLn7EA/+3SQ9A59ZU4=,NBG8bopLl1DUnT/f1PLJBJ9puhk=
-28,47,W3ic1odRWtMhfpRbmw7aMza8lTA=,NBG8bopLl1DUnT/f1PLJBJ9puhk=
-25,41,W3ic1odRWtMhfpRbmw7aMza8lTA=,NBG8bopLl1DUnT/f1PLJBJ9puhk=
-28,42,W3ic1odRWtMhfpRbmw7aMza8lTA=,NBG8bopLl1DUnT/f1PLJBJ9puhk=
-29,47,W3ic1odRWtMhfpRbmw7aMza8lTA=,NBG8bopLl1DUnT/f1PLJBJ9puhk=
-24,47,W3ic1odRWtMhfpRbmw7aMza8lTA=,5pn8moDwEl9TgI11GsybLvMQtu8=
-31,47,W3ic1odRWtMhfpRbmw7aMza8lTA=,NBG8bopLl1DUnT/f1PLJBJ9puhk=
-30,47,W3ic1odRWtMhfpRbmw7aMza8lTA=,NBG8bopLl1DUnT/f1PLJBJ9puhk=
-22,47,FYBs5B5fta/mFoqTiEc258SMujg=,5pn8moDwEl9TgI11GsybLvMQtu8=
-32,46,FYBs5B5fta/mFoqTiEc258SMujg=,NBG8bopLl1DUnT/f1PLJBJ9puhk=
-23,47,UDwkiaAE9GhN5YDCO+hm30sSEiM=,5pn8moDwEl9TgI11GsybLvMQtu8=
-21,44,OVnOg/boWoZD1CPdLJwXAoT+BwU=,5pn8moDwEl9TgI11GsybLvMQtu8=
-23,44,OVnOg/boWoZD1CPdLJwXAoT+BwU=,5pn8moDwEl9TgI11GsybLvMQtu8=
-22,44,OVnOg/boWoZD1CPdLJwXAoT+BwU=,5pn8moDwEl9TgI11GsybLvMQtu8=
-21,46,OVnOg/boWoZD1CPdLJwXAoT+BwU=,5pn8moDwEl9TgI11GsybLvMQtu8=
-22,46,OVnOg/boWoZD1CPdLJwXAoT+BwU=,5pn8moDwEl9TgI11GsybLvMQtu8=
-23,46,OVnOg/boWoZD1CPdLJwXAoT+BwU=,5pn8moDwEl9TgI11GsybLvMQtu8=
-22,45,OVnOg/boWoZD1CPdLJwXAoT+BwU=,5pn8moDwEl9TgI11GsybLvMQtu8=
-21,47,OVnOg/boWoZD1CPdLJwXAoT+BwU=,5pn8moDwEl9TgI11GsybLvMQtu8=
-21,45,OVnOg/boWoZD1CPdLJwXAoT+BwU=,5pn8moDwEl9TgI11GsybLvMQtu8=
-23,45,OVnOg/boWoZD1CPdLJwXAoT+BwU=,5pn8moDwEl9TgI11GsybLvMQtu8=
-32,45,OVnOg/boWoZD1CPdLJwXAoT+BwU=,NBG8bopLl1DUnT/f1PLJBJ9puhk=
-32,44,OVnOg/boWoZD1CPdLJwXAoT+BwU=,NBG8bopLl1DUnT/f1PLJBJ9puhk=
-25,45,OVnOg/boWoZD1CPdLJwXAoT+BwU=,NBG8bopLl1DUnT/f1PLJBJ9puhk=
-28,45,OVnOg/boWoZD1CPdLJwXAoT+BwU=,NBG8bopLl1DUnT/f1PLJBJ9puhk=
-26,45,OVnOg/boWoZD1CPdLJwXAoT+BwU=,NBG8bopLl1DUnT/f1PLJBJ9puhk=
-30,46,OVnOg/boWoZD1CPdLJwXAoT+BwU=,NBG8bopLl1DUnT/f1PLJBJ9puhk=
-25,46,OVnOg/boWoZD1CPdLJwXAoT+BwU=,NBG8bopLl1DUnT/f1PLJBJ9puhk=
-24,45,OVnOg/boWoZD1CPdLJwXAoT+BwU=,5pn8moDwEl9TgI11GsybLvMQtu8=
-24,46,OVnOg/boWoZD1CPdLJwXAoT+BwU=,5pn8moDwEl9TgI11GsybLvMQtu8=
-27,45,OVnOg/boWoZD1CPdLJwXAoT+BwU=,NBG8bopLl1DUnT/f1PLJBJ9puhk=
-29,45,OVnOg/boWoZD1CPdLJwXAoT+BwU=,NBG8bopLl1DUnT/f1PLJBJ9puhk=
-30,45,OVnOg/boWoZD1CPdLJwXAoT+BwU=,NBG8bopLl1DUnT/f1PLJBJ9puhk=
-27,46,OVnOg/boWoZD1CPdLJwXAoT+BwU=,NBG8bopLl1DUnT/f1PLJBJ9puhk=
-26,46,OVnOg/boWoZD1CPdLJwXAoT+BwU=,NBG8bopLl1DUnT/f1PLJBJ9puhk=
-28,46,OVnOg/boWoZD1CPdLJwXAoT+BwU=,NBG8bopLl1DUnT/f1PLJBJ9puhk=
-31,46,OVnOg/boWoZD1CPdLJwXAoT+BwU=,NBG8bopLl1DUnT/f1PLJBJ9puhk=
-29,46,OVnOg/boWoZD1CPdLJwXAoT+BwU=,NBG8bopLl1DUnT/f1PLJBJ9puhk=
-25,44,OVnOg/boWoZD1CPdLJwXAoT+BwU=,NBG8bopLl1DUnT/f1PLJBJ9puhk=
-26,44,OVnOg/boWoZD1CPdLJwXAoT+BwU=,NBG8bopLl1DUnT/f1PLJBJ9puhk=
-31,45,OVnOg/boWoZD1CPdLJwXAoT+BwU=,NBG8bopLl1DUnT/f1PLJBJ9puhk=
-28,44,OVnOg/boWoZD1CPdLJwXAoT+BwU=,NBG8bopLl1DUnT/f1PLJBJ9puhk=
-30,44,OVnOg/boWoZD1CPdLJwXAoT+BwU=,NBG8bopLl1DUnT/f1PLJBJ9puhk=
-31,44,OVnOg/boWoZD1CPdLJwXAoT+BwU=,NBG8bopLl1DUnT/f1PLJBJ9puhk=
-27,44,OVnOg/boWoZD1CPdLJwXAoT+BwU=,NBG8bopLl1DUnT/f1PLJBJ9puhk=
-29,44,OVnOg/boWoZD1CPdLJwXAoT+BwU=,NBG8bopLl1DUnT/f1PLJBJ9puhk=
-24,44,OVnOg/boWoZD1CPdLJwXAoT+BwU=,5pn8moDwEl9TgI11GsybLvMQtu8=
-31,36,6SwRmZRyG0cXC8K4AXYxwOsrcKo=,z/23uEzbN0meJdJ3gwrWS7qwUJw=
-29,37,6r3lBAOIDA8XxYvR/LOhe5Of75U=,z/23uEzbN0meJdJ3gwrWS7qwUJw=
-30,37,6r3lBAOIDA8XxYvR/LOhe5Of75U=,z/23uEzbN0meJdJ3gwrWS7qwUJw=
-30,36,6r3lBAOIDA8XxYvR/LOhe5Of75U=,z/23uEzbN0meJdJ3gwrWS7qwUJw=
-32,36,6r3lBAOIDA8XxYvR/LOhe5Of75U=,z/23uEzbN0meJdJ3gwrWS7qwUJw=
-29,36,6r3lBAOIDA8XxYvR/LOhe5Of75U=,z/23uEzbN0meJdJ3gwrWS7qwUJw=
-31,37,6r3lBAOIDA8XxYvR/LOhe5Of75U=,z/23uEzbN0meJdJ3gwrWS7qwUJw=
-31,38,6r3lBAOIDA8XxYvR/LOhe5Of75U=,z/23uEzbN0meJdJ3gwrWS7qwUJw=
-29,38,hk8Tf6Nmas4gzs6/3psMl3aF23E=,z/23uEzbN0meJdJ3gwrWS7qwUJw=
-30,38,hk8Tf6Nmas4gzs6/3psMl3aF23E=,z/23uEzbN0meJdJ3gwrWS7qwUJw=
-31,40,hk8Tf6Nmas4gzs6/3psMl3aF23E=,NBG8bopLl1DUnT/f1PLJBJ9puhk=
-32,38,hk8Tf6Nmas4gzs6/3psMl3aF23E=,z/23uEzbN0meJdJ3gwrWS7qwUJw=
-20,44,hk8Tf6Nmas4gzs6/3psMl3aF23E=,5pn8moDwEl9TgI11GsybLvMQtu8=
-18,44,hk8Tf6Nmas4gzs6/3psMl3aF23E=,5pn8moDwEl9TgI11GsybLvMQtu8=
-19,44,hk8Tf6Nmas4gzs6/3psMl3aF23E=,5pn8moDwEl9TgI11GsybLvMQtu8=
-17,47,hk8Tf6Nmas4gzs6/3psMl3aF23E=,5pn8moDwEl9TgI11GsybLvMQtu8=
-17,46,hk8Tf6Nmas4gzs6/3psMl3aF23E=,5pn8moDwEl9TgI11GsybLvMQtu8=
-30,40,VOzD/lIFhJQDG7Po0UYZt41wSKA=,NBG8bopLl1DUnT/f1PLJBJ9puhk=
-29,40,VOzD/lIFhJQDG7Po0UYZt41wSKA=,NBG8bopLl1DUnT/f1PLJBJ9puhk=
-31,39,VOzD/lIFhJQDG7Po0UYZt41wSKA=,z/23uEzbN0meJdJ3gwrWS7qwUJw=
-31,41,VOzD/lIFhJQDG7Po0UYZt41wSKA=,NBG8bopLl1DUnT/f1PLJBJ9puhk=
-32,37,Apyvlp05qcXfWCcM67V7u5+eRVY=,z/23uEzbN0meJdJ3gwrWS7qwUJw=
-17,45,Apyvlp05qcXfWCcM67V7u5+eRVY=,5pn8moDwEl9TgI11GsybLvMQtu8=
-32,41,Apyvlp05qcXfWCcM67V7u5+eRVY=,NBG8bopLl1DUnT/f1PLJBJ9puhk=
-32,40,Apyvlp05qcXfWCcM67V7u5+eRVY=,NBG8bopLl1DUnT/f1PLJBJ9puhk=
-32,43,TGknEd+9ehRiO9rGijAAw3uBOEM=,NBG8bopLl1DUnT/f1PLJBJ9puhk=
-29,39,uzE7hbUxq6HiAHBkbRvGLqu+73g=,z/23uEzbN0meJdJ3gwrWS7qwUJw=
-29,42,uzE7hbUxq6HiAHBkbRvGLqu+73g=,NBG8bopLl1DUnT/f1PLJBJ9puhk=
-17,44,uzE7hbUxq6HiAHBkbRvGLqu+73g=,5pn8moDwEl9TgI11GsybLvMQtu8=
-31,43,uzE7hbUxq6HiAHBkbRvGLqu+73g=,NBG8bopLl1DUnT/f1PLJBJ9puhk=
-31,42,uzE7hbUxq6HiAHBkbRvGLqu+73g=,NBG8bopLl1DUnT/f1PLJBJ9puhk=
-30,42,uzE7hbUxq6HiAHBkbRvGLqu+73g=,NBG8bopLl1DUnT/f1PLJBJ9puhk=
-29,43,uzE7hbUxq6HiAHBkbRvGLqu+73g=,NBG8bopLl1DUnT/f1PLJBJ9puhk=
-32,39,uzE7hbUxq6HiAHBkbRvGLqu+73g=,z/23uEzbN0meJdJ3gwrWS7qwUJw=
-29,41,uzE7hbUxq6HiAHBkbRvGLqu+73g=,NBG8bopLl1DUnT/f1PLJBJ9puhk=
-32,42,NZ1EEwPFTtolb5oKPn4Gswf+000=,NBG8bopLl1DUnT/f1PLJBJ9puhk=
-30,39,NZ1EEwPFTtolb5oKPn4Gswf+000=,z/23uEzbN0meJdJ3gwrWS7qwUJw=
-17,32,18DV6y1FXUg7mH/CFyl0tkzBPRg=,NWKJ2Nl91dj83e/p7jrTC2mNg7M=
-20,47,18DV6y1FXUg7mH/CFyl0tkzBPRg=,5pn8moDwEl9TgI11GsybLvMQtu8=
-30,43,18DV6y1FXUg7mH/CFyl0tkzBPRg=,NBG8bopLl1DUnT/f1PLJBJ9puhk=
-17,33,18DV6y1FXUg7mH/CFyl0tkzBPRg=,NWKJ2Nl91dj83e/p7jrTC2mNg7M=
-20,46,18DV6y1FXUg7mH/CFyl0tkzBPRg=,5pn8moDwEl9TgI11GsybLvMQtu8=
-30,41,18DV6y1FXUg7mH/CFyl0tkzBPRg=,NBG8bopLl1DUnT/f1PLJBJ9puhk=
-20,33,18DV6y1FXUg7mH/CFyl0tkzBPRg=,NWKJ2Nl91dj83e/p7jrTC2mNg7M=
-20,45,18DV6y1FXUg7mH/CFyl0tkzBPRg=,5pn8moDwEl9TgI11GsybLvMQtu8=
-19,46,18DV6y1FXUg7mH/CFyl0tkzBPRg=,5pn8moDwEl9TgI11GsybLvMQtu8=
-18,46,18DV6y1FXUg7mH/CFyl0tkzBPRg=,5pn8moDwEl9TgI11GsybLvMQtu8=
-19,47,18DV6y1FXUg7mH/CFyl0tkzBPRg=,5pn8moDwEl9TgI11GsybLvMQtu8=
-18,47,18DV6y1FXUg7mH/CFyl0tkzBPRg=,5pn8moDwEl9TgI11GsybLvMQtu8=
-19,45,18DV6y1FXUg7mH/CFyl0tkzBPRg=,5pn8moDwEl9TgI11GsybLvMQtu8=
-18,45,18DV6y1FXUg7mH/CFyl0tkzBPRg=,5pn8moDwEl9TgI11GsybLvMQtu8=
-18,33,18DV6y1FXUg7mH/CFyl0tkzBPRg=,NWKJ2Nl91dj83e/p7jrTC2mNg7M=
-20,32,18DV6y1FXUg7mH/CFyl0tkzBPRg=,NWKJ2Nl91dj83e/p7jrTC2mNg7M=
-19,32,ADyOTgwlLfrK6VaKlWByfgGfzWs=,NWKJ2Nl91dj83e/p7jrTC2mNg7M=
-18,35,ADyOTgwlLfrK6VaKlWByfgGfzWs=,NWKJ2Nl91dj83e/p7jrTC2mNg7M=
-29,32,ADyOTgwlLfrK6VaKlWByfgGfzWs=,z/23uEzbN0meJdJ3gwrWS7qwUJw=
-19,35,ADyOTgwlLfrK6VaKlWByfgGfzWs=,NWKJ2Nl91dj83e/p7jrTC2mNg7M=
-19,33,KtE2d4dRsLAWbQ8UpSQbVHYzU7Y=,NWKJ2Nl91dj83e/p7jrTC2mNg7M=
-17,35,KtE2d4dRsLAWbQ8UpSQbVHYzU7Y=,NWKJ2Nl91dj83e/p7jrTC2mNg7M=
-18,34,KtE2d4dRsLAWbQ8UpSQbVHYzU7Y=,NWKJ2Nl91dj83e/p7jrTC2mNg7M=
-20,35,KtE2d4dRsLAWbQ8UpSQbVHYzU7Y=,NWKJ2Nl91dj83e/p7jrTC2mNg7M=
-20,34,KtE2d4dRsLAWbQ8UpSQbVHYzU7Y=,NWKJ2Nl91dj83e/p7jrTC2mNg7M=
-27,32,KtE2d4dRsLAWbQ8UpSQbVHYzU7Y=,z/23uEzbN0meJdJ3gwrWS7qwUJw=
-19,34,KtE2d4dRsLAWbQ8UpSQbVHYzU7Y=,NWKJ2Nl91dj83e/p7jrTC2mNg7M=
-18,32,KtE2d4dRsLAWbQ8UpSQbVHYzU7Y=,NWKJ2Nl91dj83e/p7jrTC2mNg7M=
-29,33,lF3s3zXrRTDE1WKvwrxndATmytM=,z/23uEzbN0meJdJ3gwrWS7qwUJw=
-26,35,wJdT87Se4aUnJiHbBURRiegGC9M=,z/23uEzbN0meJdJ3gwrWS7qwUJw=
-17,34,wJdT87Se4aUnJiHbBURRiegGC9M=,NWKJ2Nl91dj83e/p7jrTC2mNg7M=
-26,32,wJdT87Se4aUnJiHbBURRiegGC9M=,z/23uEzbN0meJdJ3gwrWS7qwUJw=
-28,35,ZbwfT0naNHFwyK2Vlt66iEq/lA4=,z/23uEzbN0meJdJ3gwrWS7qwUJw=
-25,32,FzHD8VLJFYngz03q8OI7A/1fnX8=,z/23uEzbN0meJdJ3gwrWS7qwUJw=
-28,34,FzHD8VLJFYngz03q8OI7A/1fnX8=,z/23uEzbN0meJdJ3gwrWS7qwUJw=
-27,35,FzHD8VLJFYngz03q8OI7A/1fnX8=,z/23uEzbN0meJdJ3gwrWS7qwUJw=
-27,33,FzHD8VLJFYngz03q8OI7A/1fnX8=,z/23uEzbN0meJdJ3gwrWS7qwUJw=
-28,32,FzHD8VLJFYngz03q8OI7A/1fnX8=,z/23uEzbN0meJdJ3gwrWS7qwUJw=
-29,35,FzHD8VLJFYngz03q8OI7A/1fnX8=,z/23uEzbN0meJdJ3gwrWS7qwUJw=
-30,34,FzHD8VLJFYngz03q8OI7A/1fnX8=,z/23uEzbN0meJdJ3gwrWS7qwUJw=
-31,34,FzHD8VLJFYngz03q8OI7A/1fnX8=,z/23uEzbN0meJdJ3gwrWS7qwUJw=
-31,33,FzHD8VLJFYngz03q8OI7A/1fnX8=,z/23uEzbN0meJdJ3gwrWS7qwUJw=
-30,33,FzHD8VLJFYngz03q8OI7A/1fnX8=,z/23uEzbN0meJdJ3gwrWS7qwUJw=
-29,34,YXYQcKrCXRmBnBhPfivvZR4uBmM=,z/23uEzbN0meJdJ3gwrWS7qwUJw=
-30,32,T5I9sEZHHwysG5BAMTqM7Kqa/ek=,z/23uEzbN0meJdJ3gwrWS7qwUJw=
-26,33,T5I9sEZHHwysG5BAMTqM7Kqa/ek=,z/23uEzbN0meJdJ3gwrWS7qwUJw=
-30,35,T5I9sEZHHwysG5BAMTqM7Kqa/ek=,z/23uEzbN0meJdJ3gwrWS7qwUJw=
-28,33,T5I9sEZHHwysG5BAMTqM7Kqa/ek=,z/23uEzbN0meJdJ3gwrWS7qwUJw=
-31,35,T5I9sEZHHwysG5BAMTqM7Kqa/ek=,z/23uEzbN0meJdJ3gwrWS7qwUJw=
-25,35,T5I9sEZHHwysG5BAMTqM7Kqa/ek=,z/23uEzbN0meJdJ3gwrWS7qwUJw=
-23,33,T5I9sEZHHwysG5BAMTqM7Kqa/ek=,NWKJ2Nl91dj83e/p7jrTC2mNg7M=
-27,34,T5I9sEZHHwysG5BAMTqM7Kqa/ek=,z/23uEzbN0meJdJ3gwrWS7qwUJw=
-25,33,T5I9sEZHHwysG5BAMTqM7Kqa/ek=,z/23uEzbN0meJdJ3gwrWS7qwUJw=
-32,35,T5I9sEZHHwysG5BAMTqM7Kqa/ek=,z/23uEzbN0meJdJ3gwrWS7qwUJw=
-26,34,T5I9sEZHHwysG5BAMTqM7Kqa/ek=,z/23uEzbN0meJdJ3gwrWS7qwUJw=
-24,33,T5I9sEZHHwysG5BAMTqM7Kqa/ek=,NWKJ2Nl91dj83e/p7jrTC2mNg7M=
-21,32,T5I9sEZHHwysG5BAMTqM7Kqa/ek=,NWKJ2Nl91dj83e/p7jrTC2mNg7M=
-31,32,T5I9sEZHHwysG5BAMTqM7Kqa/ek=,z/23uEzbN0meJdJ3gwrWS7qwUJw=
-24,32,T5I9sEZHHwysG5BAMTqM7Kqa/ek=,NWKJ2Nl91dj83e/p7jrTC2mNg7M=
-32,32,T5I9sEZHHwysG5BAMTqM7Kqa/ek=,z/23uEzbN0meJdJ3gwrWS7qwUJw=
-32,33,T5I9sEZHHwysG5BAMTqM7Kqa/ek=,z/23uEzbN0meJdJ3gwrWS7qwUJw=
-32,34,T5I9sEZHHwysG5BAMTqM7Kqa/ek=,z/23uEzbN0meJdJ3gwrWS7qwUJw=
-22,32,T5I9sEZHHwysG5BAMTqM7Kqa/ek=,NWKJ2Nl91dj83e/p7jrTC2mNg7M=
-21,35,T5I9sEZHHwysG5BAMTqM7Kqa/ek=,NWKJ2Nl91dj83e/p7jrTC2mNg7M=
-23,32,T5I9sEZHHwysG5BAMTqM7Kqa/ek=,NWKJ2Nl91dj83e/p7jrTC2mNg7M=
-24,35,T5I9sEZHHwysG5BAMTqM7Kqa/ek=,NWKJ2Nl91dj83e/p7jrTC2mNg7M=
-25,34,T5I9sEZHHwysG5BAMTqM7Kqa/ek=,z/23uEzbN0meJdJ3gwrWS7qwUJw=
-21,34,T5I9sEZHHwysG5BAMTqM7Kqa/ek=,NWKJ2Nl91dj83e/p7jrTC2mNg7M=
-23,35,T5I9sEZHHwysG5BAMTqM7Kqa/ek=,NWKJ2Nl91dj83e/p7jrTC2mNg7M=
-24,34,T5I9sEZHHwysG5BAMTqM7Kqa/ek=,NWKJ2Nl91dj83e/p7jrTC2mNg7M=
-23,34,T5I9sEZHHwysG5BAMTqM7Kqa/ek=,NWKJ2Nl91dj83e/p7jrTC2mNg7M=
-22,35,T5I9sEZHHwysG5BAMTqM7Kqa/ek=,NWKJ2Nl91dj83e/p7jrTC2mNg7M=
-21,33,T5I9sEZHHwysG5BAMTqM7Kqa/ek=,NWKJ2Nl91dj83e/p7jrTC2mNg7M=
-22,34,T5I9sEZHHwysG5BAMTqM7Kqa/ek=,NWKJ2Nl91dj83e/p7jrTC2mNg7M=
-22,33,T5I9sEZHHwysG5BAMTqM7Kqa/ek=,NWKJ2Nl91dj83e/p7jrTC2mNg7M=
-25,55,DWKUO6O+A/LnEzOOm1YEqnCUWvo=,oqvxKtr7UHccCVACiTV3PjeP5Is=
-21,55,DWKUO6O+A/LnEzOOm1YEqnCUWvo=,nIguOTiTsTJmyPXE5oEYZKwf+uw=
-23,52,DWKUO6O+A/LnEzOOm1YEqnCUWvo=,nIguOTiTsTJmyPXE5oEYZKwf+uw=
-21,52,DWKUO6O+A/LnEzOOm1YEqnCUWvo=,nIguOTiTsTJmyPXE5oEYZKwf+uw=
-23,53,DWKUO6O+A/LnEzOOm1YEqnCUWvo=,nIguOTiTsTJmyPXE5oEYZKwf+uw=
-25,54,DWKUO6O+A/LnEzOOm1YEqnCUWvo=,oqvxKtr7UHccCVACiTV3PjeP5Is=
-24,52,hhAzOpmJWlM4x+50G12ZWxivKTE=,nIguOTiTsTJmyPXE5oEYZKwf+uw=
-22,53,hhAzOpmJWlM4x+50G12ZWxivKTE=,nIguOTiTsTJmyPXE5oEYZKwf+uw=
-22,52,hhAzOpmJWlM4x+50G12ZWxivKTE=,nIguOTiTsTJmyPXE5oEYZKwf+uw=
-17,55,hhAzOpmJWlM4x+50G12ZWxivKTE=,nIguOTiTsTJmyPXE5oEYZKwf+uw=
-26,53,hhAzOpmJWlM4x+50G12ZWxivKTE=,oqvxKtr7UHccCVACiTV3PjeP5Is=
-22,55,hhAzOpmJWlM4x+50G12ZWxivKTE=,nIguOTiTsTJmyPXE5oEYZKwf+uw=
-24,53,hhAzOpmJWlM4x+50G12ZWxivKTE=,nIguOTiTsTJmyPXE5oEYZKwf+uw=
-21,53,hhAzOpmJWlM4x+50G12ZWxivKTE=,nIguOTiTsTJmyPXE5oEYZKwf+uw=
-25,52,hhAzOpmJWlM4x+50G12ZWxivKTE=,oqvxKtr7UHccCVACiTV3PjeP5Is=
-24,56,TJS9yQn19Te7NcO7Kkc6YydDlGw=,IK7LhbS1w1nAP9Vda7xxSU4ScCU=
-23,56,TJS9yQn19Te7NcO7Kkc6YydDlGw=,IK7LhbS1w1nAP9Vda7xxSU4ScCU=
-25,53,TJS9yQn19Te7NcO7Kkc6YydDlGw=,oqvxKtr7UHccCVACiTV3PjeP5Is=
-18,55,TJS9yQn19Te7NcO7Kkc6YydDlGw=,nIguOTiTsTJmyPXE5oEYZKwf+uw=
-28,55,TJS9yQn19Te7NcO7Kkc6YydDlGw=,oqvxKtr7UHccCVACiTV3PjeP5Is=
-27,55,TJS9yQn19Te7NcO7Kkc6YydDlGw=,oqvxKtr7UHccCVACiTV3PjeP5Is=
-27,53,TJS9yQn19Te7NcO7Kkc6YydDlGw=,oqvxKtr7UHccCVACiTV3PjeP5Is=
-27,52,TJS9yQn19Te7NcO7Kkc6YydDlGw=,oqvxKtr7UHccCVACiTV3PjeP5Is=
-26,55,TJS9yQn19Te7NcO7Kkc6YydDlGw=,oqvxKtr7UHccCVACiTV3PjeP5Is=
-26,52,gW7PWKM8XxhA4lXMJs4BCbNL3Xw=,oqvxKtr7UHccCVACiTV3PjeP5Is=
-26,54,gW7PWKM8XxhA4lXMJs4BCbNL3Xw=,oqvxKtr7UHccCVACiTV3PjeP5Is=
-27,54,gW7PWKM8XxhA4lXMJs4BCbNL3Xw=,oqvxKtr7UHccCVACiTV3PjeP5Is=
-28,53,gW7PWKM8XxhA4lXMJs4BCbNL3Xw=,oqvxKtr7UHccCVACiTV3PjeP5Is=
-19,55,gW7PWKM8XxhA4lXMJs4BCbNL3Xw=,nIguOTiTsTJmyPXE5oEYZKwf+uw=
-28,54,gW7PWKM8XxhA4lXMJs4BCbNL3Xw=,oqvxKtr7UHccCVACiTV3PjeP5Is=
-23,55,gW7PWKM8XxhA4lXMJs4BCbNL3Xw=,nIguOTiTsTJmyPXE5oEYZKwf+uw=
-28,52,gW7PWKM8XxhA4lXMJs4BCbNL3Xw=,oqvxKtr7UHccCVACiTV3PjeP5Is=
-20,55,gW7PWKM8XxhA4lXMJs4BCbNL3Xw=,nIguOTiTsTJmyPXE5oEYZKwf+uw=
-28,57,gW7PWKM8XxhA4lXMJs4BCbNL3Xw=,fVhFigfpkInlchIyArGSqqZ0mJI=
-23,54,2jn/2sERBd3/cGEMmCPDhmPI8XA=,nIguOTiTsTJmyPXE5oEYZKwf+uw=
-24,54,2jn/2sERBd3/cGEMmCPDhmPI8XA=,nIguOTiTsTJmyPXE5oEYZKwf+uw=
-21,54,2jn/2sERBd3/cGEMmCPDhmPI8XA=,nIguOTiTsTJmyPXE5oEYZKwf+uw=
-22,54,2jn/2sERBd3/cGEMmCPDhmPI8XA=,nIguOTiTsTJmyPXE5oEYZKwf+uw=
-17,53,NHgqI84fDpFCxKrjEwBKPcHGHPQ=,nIguOTiTsTJmyPXE5oEYZKwf+uw=
-24,55,NHgqI84fDpFCxKrjEwBKPcHGHPQ=,nIguOTiTsTJmyPXE5oEYZKwf+uw=
-22,56,NHgqI84fDpFCxKrjEwBKPcHGHPQ=,IK7LhbS1w1nAP9Vda7xxSU4ScCU=
-27,58,LVpwjGBET7HqT+6U/FYYWwRLS3w=,fVhFigfpkInlchIyArGSqqZ0mJI=
-27,57,LVpwjGBET7HqT+6U/FYYWwRLS3w=,fVhFigfpkInlchIyArGSqqZ0mJI=
-18,53,LVpwjGBET7HqT+6U/FYYWwRLS3w=,nIguOTiTsTJmyPXE5oEYZKwf+uw=
-28,58,WO8tYH4EXFdrj+vWbodZ6ULThbA=,fVhFigfpkInlchIyArGSqqZ0mJI=
-26,57,WO8tYH4EXFdrj+vWbodZ6ULThbA=,fVhFigfpkInlchIyArGSqqZ0mJI=
-19,53,WO8tYH4EXFdrj+vWbodZ6ULThbA=,nIguOTiTsTJmyPXE5oEYZKwf+uw=
-21,56,WO8tYH4EXFdrj+vWbodZ6ULThbA=,IK7LhbS1w1nAP9Vda7xxSU4ScCU=
-21,58,WO8tYH4EXFdrj+vWbodZ6ULThbA=,IK7LhbS1w1nAP9Vda7xxSU4ScCU=
-23,57,oOHt/v26IP9bjbqJiY2Qtv6+kf0=,IK7LhbS1w1nAP9Vda7xxSU4ScCU=
-25,59,oOHt/v26IP9bjbqJiY2Qtv6+kf0=,fVhFigfpkInlchIyArGSqqZ0mJI=
-25,56,oOHt/v26IP9bjbqJiY2Qtv6+kf0=,fVhFigfpkInlchIyArGSqqZ0mJI=
-22,58,96pu26rJwkS1uRrgQDRqzQYSY7s=,IK7LhbS1w1nAP9Vda7xxSU4ScCU=
-24,59,ciL12QApe3nTv88bbDokR5UtSmg=,IK7LhbS1w1nAP9Vda7xxSU4ScCU=
-22,57,ciL12QApe3nTv88bbDokR5UtSmg=,IK7LhbS1w1nAP9Vda7xxSU4ScCU=
-23,59,ciL12QApe3nTv88bbDokR5UtSmg=,IK7LhbS1w1nAP9Vda7xxSU4ScCU=
-20,53,ciL12QApe3nTv88bbDokR5UtSmg=,nIguOTiTsTJmyPXE5oEYZKwf+uw=
-24,57,ciL12QApe3nTv88bbDokR5UtSmg=,IK7LhbS1w1nAP9Vda7xxSU4ScCU=
-21,59,ciL12QApe3nTv88bbDokR5UtSmg=,IK7LhbS1w1nAP9Vda7xxSU4ScCU=
-22,59,ciL12QApe3nTv88bbDokR5UtSmg=,IK7LhbS1w1nAP9Vda7xxSU4ScCU=
-25,58,ciL12QApe3nTv88bbDokR5UtSmg=,fVhFigfpkInlchIyArGSqqZ0mJI=
-21,57,ciL12QApe3nTv88bbDokR5UtSmg=,IK7LhbS1w1nAP9Vda7xxSU4ScCU=
-26,59,ciL12QApe3nTv88bbDokR5UtSmg=,fVhFigfpkInlchIyArGSqqZ0mJI=
-17,52,ciL12QApe3nTv88bbDokR5UtSmg=,nIguOTiTsTJmyPXE5oEYZKwf+uw=
-27,56,ciL12QApe3nTv88bbDokR5UtSmg=,fVhFigfpkInlchIyArGSqqZ0mJI=
-23,58,ciL12QApe3nTv88bbDokR5UtSmg=,IK7LhbS1w1nAP9Vda7xxSU4ScCU=
-25,57,ciL12QApe3nTv88bbDokR5UtSmg=,fVhFigfpkInlchIyArGSqqZ0mJI=
-26,56,ciL12QApe3nTv88bbDokR5UtSmg=,fVhFigfpkInlchIyArGSqqZ0mJI=
-27,59,SWvLrbYhkVF1iY7pbHY4196/5mE=,fVhFigfpkInlchIyArGSqqZ0mJI=
-24,58,SWvLrbYhkVF1iY7pbHY4196/5mE=,IK7LhbS1w1nAP9Vda7xxSU4ScCU=
-28,56,2KsidM+R69epdLpUjBWGZFNvp00=,fVhFigfpkInlchIyArGSqqZ0mJI=
-18,52,w5i3ceewZ/wKhTkEn05kyQcgyPE=,nIguOTiTsTJmyPXE5oEYZKwf+uw=
-26,58,w5i3ceewZ/wKhTkEn05kyQcgyPE=,fVhFigfpkInlchIyArGSqqZ0mJI=
-28,59,w5i3ceewZ/wKhTkEn05kyQcgyPE=,fVhFigfpkInlchIyArGSqqZ0mJI=
-17,56,w5i3ceewZ/wKhTkEn05kyQcgyPE=,IK7LhbS1w1nAP9Vda7xxSU4ScCU=
-18,54,w5i3ceewZ/wKhTkEn05kyQcgyPE=,nIguOTiTsTJmyPXE5oEYZKwf+uw=
-20,54,w5i3ceewZ/wKhTkEn05kyQcgyPE=,nIguOTiTsTJmyPXE5oEYZKwf+uw=
-19,54,uQ1wDpZl/xup++VBDMiBr9aVKqE=,nIguOTiTsTJmyPXE5oEYZKwf+uw=
-17,54,uQ1wDpZl/xup++VBDMiBr9aVKqE=,nIguOTiTsTJmyPXE5oEYZKwf+uw=
-19,52,uQ1wDpZl/xup++VBDMiBr9aVKqE=,nIguOTiTsTJmyPXE5oEYZKwf+uw=
-18,57,uQ1wDpZl/xup++VBDMiBr9aVKqE=,IK7LhbS1w1nAP9Vda7xxSU4ScCU=
-20,52,uQ1wDpZl/xup++VBDMiBr9aVKqE=,nIguOTiTsTJmyPXE5oEYZKwf+uw=
-17,59,uQ1wDpZl/xup++VBDMiBr9aVKqE=,IK7LhbS1w1nAP9Vda7xxSU4ScCU=
-17,58,uQ1wDpZl/xup++VBDMiBr9aVKqE=,IK7LhbS1w1nAP9Vda7xxSU4ScCU=
-17,57,uQ1wDpZl/xup++VBDMiBr9aVKqE=,IK7LhbS1w1nAP9Vda7xxSU4ScCU=
-20,59,uQ1wDpZl/xup++VBDMiBr9aVKqE=,IK7LhbS1w1nAP9Vda7xxSU4ScCU=
-20,58,uQ1wDpZl/xup++VBDMiBr9aVKqE=,IK7LhbS1w1nAP9Vda7xxSU4ScCU=
-20,57,uQ1wDpZl/xup++VBDMiBr9aVKqE=,IK7LhbS1w1nAP9Vda7xxSU4ScCU=
-19,57,uQ1wDpZl/xup++VBDMiBr9aVKqE=,IK7LhbS1w1nAP9Vda7xxSU4ScCU=
-18,58,uQ1wDpZl/xup++VBDMiBr9aVKqE=,IK7LhbS1w1nAP9Vda7xxSU4ScCU=
-20,56,uQ1wDpZl/xup++VBDMiBr9aVKqE=,IK7LhbS1w1nAP9Vda7xxSU4ScCU=
-19,58,uQ1wDpZl/xup++VBDMiBr9aVKqE=,IK7LhbS1w1nAP9Vda7xxSU4ScCU=
-18,56,uQ1wDpZl/xup++VBDMiBr9aVKqE=,IK7LhbS1w1nAP9Vda7xxSU4ScCU=
-18,59,46UZe/SHBd6/5jGbW3zvEfphAc4=,IK7LhbS1w1nAP9Vda7xxSU4ScCU=
-19,59,46UZe/SHBd6/5jGbW3zvEfphAc4=,IK7LhbS1w1nAP9Vda7xxSU4ScCU=
-18,63,46UZe/SHBd6/5jGbW3zvEfphAc4=,IK7LhbS1w1nAP9Vda7xxSU4ScCU=
-19,56,46UZe/SHBd6/5jGbW3zvEfphAc4=,IK7LhbS1w1nAP9Vda7xxSU4ScCU=
-19,60,iUDZKKLvDVZy+1cckEdoV05HJAE=,IK7LhbS1w1nAP9Vda7xxSU4ScCU=
-20,60,iUDZKKLvDVZy+1cckEdoV05HJAE=,IK7LhbS1w1nAP9Vda7xxSU4ScCU=
-17,63,khcyq2SSSqzHAXcL36xUh7v207M=,IK7LhbS1w1nAP9Vda7xxSU4ScCU=
-18,60,khcyq2SSSqzHAXcL36xUh7v207M=,IK7LhbS1w1nAP9Vda7xxSU4ScCU=
-19,63,khcyq2SSSqzHAXcL36xUh7v207M=,IK7LhbS1w1nAP9Vda7xxSU4ScCU=
-20,62,vxglIUi5q1eYoYK24z80VXM/wek=,IK7LhbS1w1nAP9Vda7xxSU4ScCU=
-19,61,OJa2KueSaLOOvOOgUR2JyOB4DsE=,IK7LhbS1w1nAP9Vda7xxSU4ScCU=
-19,62,OJa2KueSaLOOvOOgUR2JyOB4DsE=,IK7LhbS1w1nAP9Vda7xxSU4ScCU=
-18,62,OJa2KueSaLOOvOOgUR2JyOB4DsE=,IK7LhbS1w1nAP9Vda7xxSU4ScCU=
-18,61,VflTY5yCdF+IiE/Iy09DSYbq0vU=,IK7LhbS1w1nAP9Vda7xxSU4ScCU=
-20,61,VflTY5yCdF+IiE/Iy09DSYbq0vU=,IK7LhbS1w1nAP9Vda7xxSU4ScCU=
-20,63,Rt8z+QqfzzFGkXFlvcON90Tj62E=,IK7LhbS1w1nAP9Vda7xxSU4ScCU=
-17,60,zQ5omC0EY8PzHhgmNTSyWexIT+E=,IK7LhbS1w1nAP9Vda7xxSU4ScCU=
-17,62,zQ5omC0EY8PzHhgmNTSyWexIT+E=,IK7LhbS1w1nAP9Vda7xxSU4ScCU=
-17,61,Lu7t58wWqPDyxWs/E8jSNylT4XU=,IK7LhbS1w1nAP9Vda7xxSU4ScCU=
-25,48,Lu7t58wWqPDyxWs/E8jSNylT4XU=,oqvxKtr7UHccCVACiTV3PjeP5Is=
-27,48,TnQQrPBOEJ4p+Nez1l3oDt+uzxg=,oqvxKtr7UHccCVACiTV3PjeP5Is=
-24,63,TnQQrPBOEJ4p+Nez1l3oDt+uzxg=,IK7LhbS1w1nAP9Vda7xxSU4ScCU=
-28,48,AegaH88Dibv3Xu5iIckLr/tN1u4=,oqvxKtr7UHccCVACiTV3PjeP5Is=
-24,49,AegaH88Dibv3Xu5iIckLr/tN1u4=,nIguOTiTsTJmyPXE5oEYZKwf+uw=
-25,63,AegaH88Dibv3Xu5iIckLr/tN1u4=,fVhFigfpkInlchIyArGSqqZ0mJI=
-28,60,AegaH88Dibv3Xu5iIckLr/tN1u4=,fVhFigfpkInlchIyArGSqqZ0mJI=
-17,48,1sfa1qEZE5zxnMQrpy5Zyb712kA=,nIguOTiTsTJmyPXE5oEYZKwf+uw=
-26,60,1sfa1qEZE5zxnMQrpy5Zyb712kA=,fVhFigfpkInlchIyArGSqqZ0mJI=
-27,60,1sfa1qEZE5zxnMQrpy5Zyb712kA=,fVhFigfpkInlchIyArGSqqZ0mJI=
-25,49,1sfa1qEZE5zxnMQrpy5Zyb712kA=,oqvxKtr7UHccCVACiTV3PjeP5Is=
-26,48,yQnyG+jxLDs6ONdzpU7rzmIXGvM=,oqvxKtr7UHccCVACiTV3PjeP5Is=
-26,49,sWBK+NvDfmUTSDErXyqiftjgpng=,oqvxKtr7UHccCVACiTV3PjeP5Is=
-25,51,sWBK+NvDfmUTSDErXyqiftjgpng=,oqvxKtr7UHccCVACiTV3PjeP5Is=
-27,51,sWBK+NvDfmUTSDErXyqiftjgpng=,oqvxKtr7UHccCVACiTV3PjeP5Is=
-25,50,sWBK+NvDfmUTSDErXyqiftjgpng=,oqvxKtr7UHccCVACiTV3PjeP5Is=
-26,51,sWBK+NvDfmUTSDErXyqiftjgpng=,oqvxKtr7UHccCVACiTV3PjeP5Is=
-27,49,sWBK+NvDfmUTSDErXyqiftjgpng=,oqvxKtr7UHccCVACiTV3PjeP5Is=
-26,50,sWBK+NvDfmUTSDErXyqiftjgpng=,oqvxKtr7UHccCVACiTV3PjeP5Is=
-27,50,sWBK+NvDfmUTSDErXyqiftjgpng=,oqvxKtr7UHccCVACiTV3PjeP5Is=
-28,49,sWBK+NvDfmUTSDErXyqiftjgpng=,oqvxKtr7UHccCVACiTV3PjeP5Is=
-18,48,sWBK+NvDfmUTSDErXyqiftjgpng=,nIguOTiTsTJmyPXE5oEYZKwf+uw=
-28,50,sWBK+NvDfmUTSDErXyqiftjgpng=,oqvxKtr7UHccCVACiTV3PjeP5Is=
-28,51,sWBK+NvDfmUTSDErXyqiftjgpng=,oqvxKtr7UHccCVACiTV3PjeP5Is=
-28,61,U+uQE1BVo8GfwXQAIww551+K818=,fVhFigfpkInlchIyArGSqqZ0mJI=
-23,49,U+uQE1BVo8GfwXQAIww551+K818=,nIguOTiTsTJmyPXE5oEYZKwf+uw=
-26,63,U+uQE1BVo8GfwXQAIww551+K818=,fVhFigfpkInlchIyArGSqqZ0mJI=
-26,61,U+uQE1BVo8GfwXQAIww551+K818=,fVhFigfpkInlchIyArGSqqZ0mJI=
-19,48,U+uQE1BVo8GfwXQAIww551+K818=,nIguOTiTsTJmyPXE5oEYZKwf+uw=
-28,62,GTcpeEqphRxgefoXY1FWygADT0Q=,fVhFigfpkInlchIyArGSqqZ0mJI=
-27,61,GTcpeEqphRxgefoXY1FWygADT0Q=,fVhFigfpkInlchIyArGSqqZ0mJI=
-24,60,GTcpeEqphRxgefoXY1FWygADT0Q=,IK7LhbS1w1nAP9Vda7xxSU4ScCU=
-27,62,8sNaxmChxEv16QGWRMs+jiez8ec=,fVhFigfpkInlchIyArGSqqZ0mJI=
-26,62,8sNaxmChxEv16QGWRMs+jiez8ec=,fVhFigfpkInlchIyArGSqqZ0mJI=
-25,61,8sNaxmChxEv16QGWRMs+jiez8ec=,fVhFigfpkInlchIyArGSqqZ0mJI=
-22,63,b/0Tf8RNFVM/qftDvtJ+FtZHA3U=,IK7LhbS1w1nAP9Vda7xxSU4ScCU=
-27,63,b/0Tf8RNFVM/qftDvtJ+FtZHA3U=,fVhFigfpkInlchIyArGSqqZ0mJI=
-23,62,1Xgks6Pi4A0oIEdLAupynxaqrFY=,IK7LhbS1w1nAP9Vda7xxSU4ScCU=
-22,62,YGngKW7+V1aX9MQ+3WfZ9pqwHM4=,IK7LhbS1w1nAP9Vda7xxSU4ScCU=
-23,63,YGngKW7+V1aX9MQ+3WfZ9pqwHM4=,IK7LhbS1w1nAP9Vda7xxSU4ScCU=
-22,61,YGngKW7+V1aX9MQ+3WfZ9pqwHM4=,IK7LhbS1w1nAP9Vda7xxSU4ScCU=
-24,62,YGngKW7+V1aX9MQ+3WfZ9pqwHM4=,IK7LhbS1w1nAP9Vda7xxSU4ScCU=
-21,63,YGngKW7+V1aX9MQ+3WfZ9pqwHM4=,IK7LhbS1w1nAP9Vda7xxSU4ScCU=
-21,62,YGngKW7+V1aX9MQ+3WfZ9pqwHM4=,IK7LhbS1w1nAP9Vda7xxSU4ScCU=
-25,60,YGngKW7+V1aX9MQ+3WfZ9pqwHM4=,fVhFigfpkInlchIyArGSqqZ0mJI=
-32,63,YGngKW7+V1aX9MQ+3WfZ9pqwHM4=,fVhFigfpkInlchIyArGSqqZ0mJI=
-28,63,YGngKW7+V1aX9MQ+3WfZ9pqwHM4=,fVhFigfpkInlchIyArGSqqZ0mJI=
-21,61,YGngKW7+V1aX9MQ+3WfZ9pqwHM4=,IK7LhbS1w1nAP9Vda7xxSU4ScCU=
-20,48,YGngKW7+V1aX9MQ+3WfZ9pqwHM4=,nIguOTiTsTJmyPXE5oEYZKwf+uw=
-23,61,YGngKW7+V1aX9MQ+3WfZ9pqwHM4=,IK7LhbS1w1nAP9Vda7xxSU4ScCU=
-24,61,YGngKW7+V1aX9MQ+3WfZ9pqwHM4=,IK7LhbS1w1nAP9Vda7xxSU4ScCU=
-32,62,YGngKW7+V1aX9MQ+3WfZ9pqwHM4=,fVhFigfpkInlchIyArGSqqZ0mJI=
-21,48,YGngKW7+V1aX9MQ+3WfZ9pqwHM4=,nIguOTiTsTJmyPXE5oEYZKwf+uw=
-25,62,YGngKW7+V1aX9MQ+3WfZ9pqwHM4=,fVhFigfpkInlchIyArGSqqZ0mJI=
-23,48,YGngKW7+V1aX9MQ+3WfZ9pqwHM4=,nIguOTiTsTJmyPXE5oEYZKwf+uw=
-22,48,YGngKW7+V1aX9MQ+3WfZ9pqwHM4=,nIguOTiTsTJmyPXE5oEYZKwf+uw=
-23,60,YGngKW7+V1aX9MQ+3WfZ9pqwHM4=,IK7LhbS1w1nAP9Vda7xxSU4ScCU=
-22,60,YGngKW7+V1aX9MQ+3WfZ9pqwHM4=,IK7LhbS1w1nAP9Vda7xxSU4ScCU=
-17,51,YGngKW7+V1aX9MQ+3WfZ9pqwHM4=,nIguOTiTsTJmyPXE5oEYZKwf+uw=
-18,51,YGngKW7+V1aX9MQ+3WfZ9pqwHM4=,nIguOTiTsTJmyPXE5oEYZKwf+uw=
-21,60,YGngKW7+V1aX9MQ+3WfZ9pqwHM4=,IK7LhbS1w1nAP9Vda7xxSU4ScCU=
-22,50,YGngKW7+V1aX9MQ+3WfZ9pqwHM4=,nIguOTiTsTJmyPXE5oEYZKwf+uw=
-24,48,YGngKW7+V1aX9MQ+3WfZ9pqwHM4=,nIguOTiTsTJmyPXE5oEYZKwf+uw=
-17,50,YGngKW7+V1aX9MQ+3WfZ9pqwHM4=,nIguOTiTsTJmyPXE5oEYZKwf+uw=
-18,50,YGngKW7+V1aX9MQ+3WfZ9pqwHM4=,nIguOTiTsTJmyPXE5oEYZKwf+uw=
-19,51,YGngKW7+V1aX9MQ+3WfZ9pqwHM4=,nIguOTiTsTJmyPXE5oEYZKwf+uw=
-19,50,YGngKW7+V1aX9MQ+3WfZ9pqwHM4=,nIguOTiTsTJmyPXE5oEYZKwf+uw=
-23,50,YGngKW7+V1aX9MQ+3WfZ9pqwHM4=,nIguOTiTsTJmyPXE5oEYZKwf+uw=
-21,51,YGngKW7+V1aX9MQ+3WfZ9pqwHM4=,nIguOTiTsTJmyPXE5oEYZKwf+uw=
-22,51,YGngKW7+V1aX9MQ+3WfZ9pqwHM4=,nIguOTiTsTJmyPXE5oEYZKwf+uw=
-24,51,YGngKW7+V1aX9MQ+3WfZ9pqwHM4=,nIguOTiTsTJmyPXE5oEYZKwf+uw=
-21,50,YGngKW7+V1aX9MQ+3WfZ9pqwHM4=,nIguOTiTsTJmyPXE5oEYZKwf+uw=
-24,50,YGngKW7+V1aX9MQ+3WfZ9pqwHM4=,nIguOTiTsTJmyPXE5oEYZKwf+uw=
-20,51,YGngKW7+V1aX9MQ+3WfZ9pqwHM4=,nIguOTiTsTJmyPXE5oEYZKwf+uw=
-23,51,YGngKW7+V1aX9MQ+3WfZ9pqwHM4=,nIguOTiTsTJmyPXE5oEYZKwf+uw=
-22,49,YGngKW7+V1aX9MQ+3WfZ9pqwHM4=,nIguOTiTsTJmyPXE5oEYZKwf+uw=
-20,50,YGngKW7+V1aX9MQ+3WfZ9pqwHM4=,nIguOTiTsTJmyPXE5oEYZKwf+uw=
-18,49,YGngKW7+V1aX9MQ+3WfZ9pqwHM4=,nIguOTiTsTJmyPXE5oEYZKwf+uw=
-19,49,YGngKW7+V1aX9MQ+3WfZ9pqwHM4=,nIguOTiTsTJmyPXE5oEYZKwf+uw=
-32,61,YGngKW7+V1aX9MQ+3WfZ9pqwHM4=,fVhFigfpkInlchIyArGSqqZ0mJI=
-21,49,YGngKW7+V1aX9MQ+3WfZ9pqwHM4=,nIguOTiTsTJmyPXE5oEYZKwf+uw=
-17,49,YGngKW7+V1aX9MQ+3WfZ9pqwHM4=,nIguOTiTsTJmyPXE5oEYZKwf+uw=
-32,52,YGngKW7+V1aX9MQ+3WfZ9pqwHM4=,oqvxKtr7UHccCVACiTV3PjeP5Is=
-32,54,YGngKW7+V1aX9MQ+3WfZ9pqwHM4=,oqvxKtr7UHccCVACiTV3PjeP5Is=
-20,49,e06HGrv1pSQWFuCaDjcglYm4efg=,nIguOTiTsTJmyPXE5oEYZKwf+uw=
-31,53,e06HGrv1pSQWFuCaDjcglYm4efg=,oqvxKtr7UHccCVACiTV3PjeP5Is=
-29,54,e06HGrv1pSQWFuCaDjcglYm4efg=,oqvxKtr7UHccCVACiTV3PjeP5Is=
-32,53,e06HGrv1pSQWFuCaDjcglYm4efg=,oqvxKtr7UHccCVACiTV3PjeP5Is=
-30,53,e06HGrv1pSQWFuCaDjcglYm4efg=,oqvxKtr7UHccCVACiTV3PjeP5Is=
-31,54,e06HGrv1pSQWFuCaDjcglYm4efg=,oqvxKtr7UHccCVACiTV3PjeP5Is=
-29,53,e06HGrv1pSQWFuCaDjcglYm4efg=,oqvxKtr7UHccCVACiTV3PjeP5Is=
-32,48,e06HGrv1pSQWFuCaDjcglYm4efg=,oqvxKtr7UHccCVACiTV3PjeP5Is=
-30,54,e06HGrv1pSQWFuCaDjcglYm4efg=,oqvxKtr7UHccCVACiTV3PjeP5Is=
-32,50,ZTor3GO9WBd03oW1NODUxu8iE/E=,oqvxKtr7UHccCVACiTV3PjeP5Is=
-31,60,ZTor3GO9WBd03oW1NODUxu8iE/E=,fVhFigfpkInlchIyArGSqqZ0mJI=
-29,60,6bKbWQWBZ1qSYPAm1JM+DB7TAiE=,fVhFigfpkInlchIyArGSqqZ0mJI=
-32,55,6bKbWQWBZ1qSYPAm1JM+DB7TAiE=,oqvxKtr7UHccCVACiTV3PjeP5Is=
-32,51,6bKbWQWBZ1qSYPAm1JM+DB7TAiE=,oqvxKtr7UHccCVACiTV3PjeP5Is=
-30,60,6bKbWQWBZ1qSYPAm1JM+DB7TAiE=,fVhFigfpkInlchIyArGSqqZ0mJI=
-32,60,SgeQCtAv3lKlfvYmIvUKZJXFk04=,fVhFigfpkInlchIyArGSqqZ0mJI=
-32,49,0cceVZCFtaeKCitZrqvOilr6OzM=,oqvxKtr7UHccCVACiTV3PjeP5Is=
-32,58,QePjoWGXbpa5GjXbzErl14iv8/E=,fVhFigfpkInlchIyArGSqqZ0mJI=
-32,56,QePjoWGXbpa5GjXbzErl14iv8/E=,fVhFigfpkInlchIyArGSqqZ0mJI=
-29,55,QePjoWGXbpa5GjXbzErl14iv8/E=,oqvxKtr7UHccCVACiTV3PjeP5Is=
-32,57,QePjoWGXbpa5GjXbzErl14iv8/E=,fVhFigfpkInlchIyArGSqqZ0mJI=
-32,59,zlNpOQ1L3LJQMnH32+D8/CQ1yqs=,fVhFigfpkInlchIyArGSqqZ0mJI=
-29,48,zlNpOQ1L3LJQMnH32+D8/CQ1yqs=,oqvxKtr7UHccCVACiTV3PjeP5Is=
-30,55,zlNpOQ1L3LJQMnH32+D8/CQ1yqs=,oqvxKtr7UHccCVACiTV3PjeP5Is=
-29,59,a71oZNLFJqFQiMUbwBwM69fXctU=,fVhFigfpkInlchIyArGSqqZ0mJI=
-30,56,a71oZNLFJqFQiMUbwBwM69fXctU=,fVhFigfpkInlchIyArGSqqZ0mJI=
-31,56,a71oZNLFJqFQiMUbwBwM69fXctU=,fVhFigfpkInlchIyArGSqqZ0mJI=
-31,59,a71oZNLFJqFQiMUbwBwM69fXctU=,fVhFigfpkInlchIyArGSqqZ0mJI=
-31,48,a71oZNLFJqFQiMUbwBwM69fXctU=,oqvxKtr7UHccCVACiTV3PjeP5Is=
-31,58,a71oZNLFJqFQiMUbwBwM69fXctU=,fVhFigfpkInlchIyArGSqqZ0mJI=
-29,58,GDMkA5hu2ArsfPViAgO/CIX3yQk=,fVhFigfpkInlchIyArGSqqZ0mJI=
-29,56,8tOqdernMi5Um3K3KOOzpHAGl98=,fVhFigfpkInlchIyArGSqqZ0mJI=
-30,58,8tOqdernMi5Um3K3KOOzpHAGl98=,fVhFigfpkInlchIyArGSqqZ0mJI=
-31,52,8tOqdernMi5Um3K3KOOzpHAGl98=,oqvxKtr7UHccCVACiTV3PjeP5Is=
-30,52,8tOqdernMi5Um3K3KOOzpHAGl98=,oqvxKtr7UHccCVACiTV3PjeP5Is=
-29,52,8tOqdernMi5Um3K3KOOzpHAGl98=,oqvxKtr7UHccCVACiTV3PjeP5Is=
-30,59,8tOqdernMi5Um3K3KOOzpHAGl98=,fVhFigfpkInlchIyArGSqqZ0mJI=
-31,55,8tOqdernMi5Um3K3KOOzpHAGl98=,oqvxKtr7UHccCVACiTV3PjeP5Is=
-29,57,8tOqdernMi5Um3K3KOOzpHAGl98=,fVhFigfpkInlchIyArGSqqZ0mJI=
-30,48,8tOqdernMi5Um3K3KOOzpHAGl98=,oqvxKtr7UHccCVACiTV3PjeP5Is=
-29,49,8tOqdernMi5Um3K3KOOzpHAGl98=,oqvxKtr7UHccCVACiTV3PjeP5Is=
-29,51,8tOqdernMi5Um3K3KOOzpHAGl98=,oqvxKtr7UHccCVACiTV3PjeP5Is=
-31,50,8tOqdernMi5Um3K3KOOzpHAGl98=,oqvxKtr7UHccCVACiTV3PjeP5Is=
-30,51,8tOqdernMi5Um3K3KOOzpHAGl98=,oqvxKtr7UHccCVACiTV3PjeP5Is=
-31,61,8tOqdernMi5Um3K3KOOzpHAGl98=,fVhFigfpkInlchIyArGSqqZ0mJI=
-30,49,8tOqdernMi5Um3K3KOOzpHAGl98=,oqvxKtr7UHccCVACiTV3PjeP5Is=
-29,50,8tOqdernMi5Um3K3KOOzpHAGl98=,oqvxKtr7UHccCVACiTV3PjeP5Is=
-30,50,8tOqdernMi5Um3K3KOOzpHAGl98=,oqvxKtr7UHccCVACiTV3PjeP5Is=
-31,51,8tOqdernMi5Um3K3KOOzpHAGl98=,oqvxKtr7UHccCVACiTV3PjeP5Is=
-31,57,8tOqdernMi5Um3K3KOOzpHAGl98=,fVhFigfpkInlchIyArGSqqZ0mJI=
-31,49,8tOqdernMi5Um3K3KOOzpHAGl98=,oqvxKtr7UHccCVACiTV3PjeP5Is=
-30,57,8tOqdernMi5Um3K3KOOzpHAGl98=,fVhFigfpkInlchIyArGSqqZ0mJI=
-29,63,8tOqdernMi5Um3K3KOOzpHAGl98=,fVhFigfpkInlchIyArGSqqZ0mJI=
-29,62,iezwFvHYFespqC8GoLvuR8pa+nw=,fVhFigfpkInlchIyArGSqqZ0mJI=
-31,62,5EW2IO34guYbQphJqylTp7gWtVA=,fVhFigfpkInlchIyArGSqqZ0mJI=
-31,63,tAuC9qVz3b26wtU8nvyMGjst26k=,fVhFigfpkInlchIyArGSqqZ0mJI=
-30,62,tAuC9qVz3b26wtU8nvyMGjst26k=,fVhFigfpkInlchIyArGSqqZ0mJI=
-30,61,tAuC9qVz3b26wtU8nvyMGjst26k=,fVhFigfpkInlchIyArGSqqZ0mJI=
-29,61,tAuC9qVz3b26wtU8nvyMGjst26k=,fVhFigfpkInlchIyArGSqqZ0mJI=
-30,63,tAuC9qVz3b26wtU8nvyMGjst26k=,fVhFigfpkInlchIyArGSqqZ0mJI=
-4,59,uwHVx5zgC42DqjWkfFIkwwriOjk=,kyAb+UYBgSKF49twBOYWn1ed08k=
-4,62,uwHVx5zgC42DqjWkfFIkwwriOjk=,kyAb+UYBgSKF49twBOYWn1ed08k=
-5,60,uwHVx5zgC42DqjWkfFIkwwriOjk=,kyAb+UYBgSKF49twBOYWn1ed08k=
-3,61,uwHVx5zgC42DqjWkfFIkwwriOjk=,kyAb+UYBgSKF49twBOYWn1ed08k=
-4,61,uwHVx5zgC42DqjWkfFIkwwriOjk=,kyAb+UYBgSKF49twBOYWn1ed08k=
-5,61,uwHVx5zgC42DqjWkfFIkwwriOjk=,kyAb+UYBgSKF49twBOYWn1ed08k=
-4,60,uwHVx5zgC42DqjWkfFIkwwriOjk=,kyAb+UYBgSKF49twBOYWn1ed08k=
-10,60,uwHVx5zgC42DqjWkfFIkwwriOjk=,y8Ao2FJ9dHqhdii4GEbvVIWMPSw=
-8,59,uwHVx5zgC42DqjWkfFIkwwriOjk=,kyAb+UYBgSKF49twBOYWn1ed08k=
-13,53,uwHVx5zgC42DqjWkfFIkwwriOjk=,lpJ3hGN/IeHf1vCdvjpVCHPDK3o=
-10,54,uwHVx5zgC42DqjWkfFIkwwriOjk=,lpJ3hGN/IeHf1vCdvjpVCHPDK3o=
-13,54,uwHVx5zgC42DqjWkfFIkwwriOjk=,lpJ3hGN/IeHf1vCdvjpVCHPDK3o=
-9,55,uwHVx5zgC42DqjWkfFIkwwriOjk=,lpJ3hGN/IeHf1vCdvjpVCHPDK3o=
-6,53,G5eCLVljz24BrtFk21C88cYsUE0=,iqVxTu0MqLQXxdH/uyIZYi9XshI=
-7,53,G5eCLVljz24BrtFk21C88cYsUE0=,iqVxTu0MqLQXxdH/uyIZYi9XshI=
-9,54,G5eCLVljz24BrtFk21C88cYsUE0=,lpJ3hGN/IeHf1vCdvjpVCHPDK3o=
-5,53,G5eCLVljz24BrtFk21C88cYsUE0=,iqVxTu0MqLQXxdH/uyIZYi9XshI=
-9,53,fkxDhCd0iY0DwInSCD7EHws+rZM=,lpJ3hGN/IeHf1vCdvjpVCHPDK3o=
-9,56,fkxDhCd0iY0DwInSCD7EHws+rZM=,y8Ao2FJ9dHqhdii4GEbvVIWMPSw=
-5,58,fkxDhCd0iY0DwInSCD7EHws+rZM=,kyAb+UYBgSKF49twBOYWn1ed08k=
-12,57,fkxDhCd0iY0DwInSCD7EHws+rZM=,y8Ao2FJ9dHqhdii4GEbvVIWMPSw=
-6,57,fkxDhCd0iY0DwInSCD7EHws+rZM=,kyAb+UYBgSKF49twBOYWn1ed08k=
-9,52,fkxDhCd0iY0DwInSCD7EHws+rZM=,lpJ3hGN/IeHf1vCdvjpVCHPDK3o=
-7,58,fkxDhCd0iY0DwInSCD7EHws+rZM=,kyAb+UYBgSKF49twBOYWn1ed08k=
-7,59,fkxDhCd0iY0DwInSCD7EHws+rZM=,kyAb+UYBgSKF49twBOYWn1ed08k=
-6,58,fkxDhCd0iY0DwInSCD7EHws+rZM=,kyAb+UYBgSKF49twBOYWn1ed08k=
-7,56,fkxDhCd0iY0DwInSCD7EHws+rZM=,kyAb+UYBgSKF49twBOYWn1ed08k=
-7,57,fkxDhCd0iY0DwInSCD7EHws+rZM=,kyAb+UYBgSKF49twBOYWn1ed08k=
-5,57,fkxDhCd0iY0DwInSCD7EHws+rZM=,kyAb+UYBgSKF49twBOYWn1ed08k=
-11,57,aOLkAoOsGJ7Iaq/6IzT+Q7matLI=,y8Ao2FJ9dHqhdii4GEbvVIWMPSw=
-11,55,aOLkAoOsGJ7Iaq/6IzT+Q7matLI=,lpJ3hGN/IeHf1vCdvjpVCHPDK3o=
-10,55,aOLkAoOsGJ7Iaq/6IzT+Q7matLI=,lpJ3hGN/IeHf1vCdvjpVCHPDK3o=
-10,53,aOLkAoOsGJ7Iaq/6IzT+Q7matLI=,lpJ3hGN/IeHf1vCdvjpVCHPDK3o=
-10,57,aOLkAoOsGJ7Iaq/6IzT+Q7matLI=,y8Ao2FJ9dHqhdii4GEbvVIWMPSw=
-12,53,aOLkAoOsGJ7Iaq/6IzT+Q7matLI=,lpJ3hGN/IeHf1vCdvjpVCHPDK3o=
-10,59,aOLkAoOsGJ7Iaq/6IzT+Q7matLI=,y8Ao2FJ9dHqhdii4GEbvVIWMPSw=
-9,59,aOLkAoOsGJ7Iaq/6IzT+Q7matLI=,y8Ao2FJ9dHqhdii4GEbvVIWMPSw=
-11,59,aOLkAoOsGJ7Iaq/6IzT+Q7matLI=,y8Ao2FJ9dHqhdii4GEbvVIWMPSw=
-11,54,aOLkAoOsGJ7Iaq/6IzT+Q7matLI=,lpJ3hGN/IeHf1vCdvjpVCHPDK3o=
-6,56,aOLkAoOsGJ7Iaq/6IzT+Q7matLI=,kyAb+UYBgSKF49twBOYWn1ed08k=
-12,54,aOLkAoOsGJ7Iaq/6IzT+Q7matLI=,lpJ3hGN/IeHf1vCdvjpVCHPDK3o=
-12,59,4sbf3I1AHVpbN7HAOemnhpnaBKc=,y8Ao2FJ9dHqhdii4GEbvVIWMPSw=
-11,53,4sbf3I1AHVpbN7HAOemnhpnaBKc=,lpJ3hGN/IeHf1vCdvjpVCHPDK3o=
-12,58,4sbf3I1AHVpbN7HAOemnhpnaBKc=,y8Ao2FJ9dHqhdii4GEbvVIWMPSw=
-11,58,4sbf3I1AHVpbN7HAOemnhpnaBKc=,y8Ao2FJ9dHqhdii4GEbvVIWMPSw=
-12,55,FbHWJ+ycGPw9fgKIksHAYMqqYuQ=,lpJ3hGN/IeHf1vCdvjpVCHPDK3o=
-10,56,FbHWJ+ycGPw9fgKIksHAYMqqYuQ=,y8Ao2FJ9dHqhdii4GEbvVIWMPSw=
-11,52,FbHWJ+ycGPw9fgKIksHAYMqqYuQ=,lpJ3hGN/IeHf1vCdvjpVCHPDK3o=
-10,52,FbHWJ+ycGPw9fgKIksHAYMqqYuQ=,lpJ3hGN/IeHf1vCdvjpVCHPDK3o=
-12,56,FbHWJ+ycGPw9fgKIksHAYMqqYuQ=,y8Ao2FJ9dHqhdii4GEbvVIWMPSw=
-5,56,FbHWJ+ycGPw9fgKIksHAYMqqYuQ=,kyAb+UYBgSKF49twBOYWn1ed08k=
-12,52,FbHWJ+ycGPw9fgKIksHAYMqqYuQ=,lpJ3hGN/IeHf1vCdvjpVCHPDK3o=
-10,58,FbHWJ+ycGPw9fgKIksHAYMqqYuQ=,y8Ao2FJ9dHqhdii4GEbvVIWMPSw=
-6,54,FbHWJ+ycGPw9fgKIksHAYMqqYuQ=,iqVxTu0MqLQXxdH/uyIZYi9XshI=
-11,56,tpjpN1Fl6msCJ9pECkePS96+ddE=,y8Ao2FJ9dHqhdii4GEbvVIWMPSw=
-9,58,tpjpN1Fl6msCJ9pECkePS96+ddE=,y8Ao2FJ9dHqhdii4GEbvVIWMPSw=
-5,59,tpjpN1Fl6msCJ9pECkePS96+ddE=,kyAb+UYBgSKF49twBOYWn1ed08k=
-9,57,tpjpN1Fl6msCJ9pECkePS96+ddE=,y8Ao2FJ9dHqhdii4GEbvVIWMPSw=
-8,58,tpjpN1Fl6msCJ9pECkePS96+ddE=,kyAb+UYBgSKF49twBOYWn1ed08k=
-6,59,2mkEMfr4UbMCKxUUIgwUIlcIuzw=,kyAb+UYBgSKF49twBOYWn1ed08k=
-6,55,2mkEMfr4UbMCKxUUIgwUIlcIuzw=,iqVxTu0MqLQXxdH/uyIZYi9XshI=
-5,54,2mkEMfr4UbMCKxUUIgwUIlcIuzw=,iqVxTu0MqLQXxdH/uyIZYi9XshI=
-5,55,2mkEMfr4UbMCKxUUIgwUIlcIuzw=,iqVxTu0MqLQXxdH/uyIZYi9XshI=
-8,54,2mkEMfr4UbMCKxUUIgwUIlcIuzw=,iqVxTu0MqLQXxdH/uyIZYi9XshI=
-7,55,2mkEMfr4UbMCKxUUIgwUIlcIuzw=,iqVxTu0MqLQXxdH/uyIZYi9XshI=
-7,54,2mkEMfr4UbMCKxUUIgwUIlcIuzw=,iqVxTu0MqLQXxdH/uyIZYi9XshI=
-8,56,2mkEMfr4UbMCKxUUIgwUIlcIuzw=,kyAb+UYBgSKF49twBOYWn1ed08k=
-8,55,2mkEMfr4UbMCKxUUIgwUIlcIuzw=,iqVxTu0MqLQXxdH/uyIZYi9XshI=
-8,57,2mkEMfr4UbMCKxUUIgwUIlcIuzw=,kyAb+UYBgSKF49twBOYWn1ed08k=
-7,52,2mkEMfr4UbMCKxUUIgwUIlcIuzw=,iqVxTu0MqLQXxdH/uyIZYi9XshI=
-8,52,2mkEMfr4UbMCKxUUIgwUIlcIuzw=,iqVxTu0MqLQXxdH/uyIZYi9XshI=
-6,52,2mkEMfr4UbMCKxUUIgwUIlcIuzw=,iqVxTu0MqLQXxdH/uyIZYi9XshI=
-8,53,TaveORN/QLsY5H5ib4tL2LQjqbs=,iqVxTu0MqLQXxdH/uyIZYi9XshI=
-1,48,TaveORN/QLsY5H5ib4tL2LQjqbs=,iqVxTu0MqLQXxdH/uyIZYi9XshI=
-5,52,IQa/cXxLpsuvtATcC0RNKFCxp2A=,iqVxTu0MqLQXxdH/uyIZYi9XshI=
-3,49,YsbIy9XrxqLBF2AvGkYz6zvBihg=,iqVxTu0MqLQXxdH/uyIZYi9XshI=
-1,49,YsbIy9XrxqLBF2AvGkYz6zvBihg=,iqVxTu0MqLQXxdH/uyIZYi9XshI=
-2,49,DYAcGOq5ecauhLipjZk+zvoBRYE=,iqVxTu0MqLQXxdH/uyIZYi9XshI=
-1,50,DYAcGOq5ecauhLipjZk+zvoBRYE=,iqVxTu0MqLQXxdH/uyIZYi9XshI=
-2,50,DYAcGOq5ecauhLipjZk+zvoBRYE=,iqVxTu0MqLQXxdH/uyIZYi9XshI=
-2,48,DYAcGOq5ecauhLipjZk+zvoBRYE=,iqVxTu0MqLQXxdH/uyIZYi9XshI=
-3,50,DYAcGOq5ecauhLipjZk+zvoBRYE=,iqVxTu0MqLQXxdH/uyIZYi9XshI=
-4,50,DYAcGOq5ecauhLipjZk+zvoBRYE=,iqVxTu0MqLQXxdH/uyIZYi9XshI=
-3,51,DYAcGOq5ecauhLipjZk+zvoBRYE=,iqVxTu0MqLQXxdH/uyIZYi9XshI=
-4,49,VRkAX6YE6N7ZpK0a3qlWerywO4k=,iqVxTu0MqLQXxdH/uyIZYi9XshI=
-4,51,VRkAX6YE6N7ZpK0a3qlWerywO4k=,iqVxTu0MqLQXxdH/uyIZYi9XshI=
-11,48,RX6/Bg4lLWGe6nK5ml4HvJXrp18=,lpJ3hGN/IeHf1vCdvjpVCHPDK3o=
-10,48,RX6/Bg4lLWGe6nK5ml4HvJXrp18=,lpJ3hGN/IeHf1vCdvjpVCHPDK3o=
-16,54,RX6/Bg4lLWGe6nK5ml4HvJXrp18=,lpJ3hGN/IeHf1vCdvjpVCHPDK3o=
-11,49,RX6/Bg4lLWGe6nK5ml4HvJXrp18=,lpJ3hGN/IeHf1vCdvjpVCHPDK3o=
-12,49,RX6/Bg4lLWGe6nK5ml4HvJXrp18=,lpJ3hGN/IeHf1vCdvjpVCHPDK3o=
-12,50,Fbx2dkfxEyDcoqPEsuwFIuVbXmE=,lpJ3hGN/IeHf1vCdvjpVCHPDK3o=
-4,48,Fbx2dkfxEyDcoqPEsuwFIuVbXmE=,iqVxTu0MqLQXxdH/uyIZYi9XshI=
-3,48,Fbx2dkfxEyDcoqPEsuwFIuVbXmE=,iqVxTu0MqLQXxdH/uyIZYi9XshI=
-9,48,Fbx2dkfxEyDcoqPEsuwFIuVbXmE=,lpJ3hGN/IeHf1vCdvjpVCHPDK3o=
-6,50,Fbx2dkfxEyDcoqPEsuwFIuVbXmE=,iqVxTu0MqLQXxdH/uyIZYi9XshI=
-6,51,Fbx2dkfxEyDcoqPEsuwFIuVbXmE=,iqVxTu0MqLQXxdH/uyIZYi9XshI=
-7,51,Fbx2dkfxEyDcoqPEsuwFIuVbXmE=,iqVxTu0MqLQXxdH/uyIZYi9XshI=
-1,51,OVC78idPN5tZjQVvQ87A33eN1cg=,iqVxTu0MqLQXxdH/uyIZYi9XshI=
-12,48,OVC78idPN5tZjQVvQ87A33eN1cg=,lpJ3hGN/IeHf1vCdvjpVCHPDK3o=
-7,50,OVC78idPN5tZjQVvQ87A33eN1cg=,iqVxTu0MqLQXxdH/uyIZYi9XshI=
-8,51,OVC78idPN5tZjQVvQ87A33eN1cg=,iqVxTu0MqLQXxdH/uyIZYi9XshI=
-5,48,OVC78idPN5tZjQVvQ87A33eN1cg=,iqVxTu0MqLQXxdH/uyIZYi9XshI=
-5,50,OVC78idPN5tZjQVvQ87A33eN1cg=,iqVxTu0MqLQXxdH/uyIZYi9XshI=
-5,51,OVC78idPN5tZjQVvQ87A33eN1cg=,iqVxTu0MqLQXxdH/uyIZYi9XshI=
-6,48,OVC78idPN5tZjQVvQ87A33eN1cg=,iqVxTu0MqLQXxdH/uyIZYi9XshI=
-2,51,OVC78idPN5tZjQVvQ87A33eN1cg=,iqVxTu0MqLQXxdH/uyIZYi9XshI=
-8,48,OVC78idPN5tZjQVvQ87A33eN1cg=,iqVxTu0MqLQXxdH/uyIZYi9XshI=
-7,48,OVC78idPN5tZjQVvQ87A33eN1cg=,iqVxTu0MqLQXxdH/uyIZYi9XshI=
-8,50,w+n9sxsxQdXS9YS+h6AgfEdAyy0=,iqVxTu0MqLQXxdH/uyIZYi9XshI=
-6,49,w+n9sxsxQdXS9YS+h6AgfEdAyy0=,iqVxTu0MqLQXxdH/uyIZYi9XshI=
-9,49,w+n9sxsxQdXS9YS+h6AgfEdAyy0=,lpJ3hGN/IeHf1vCdvjpVCHPDK3o=
-11,50,w+n9sxsxQdXS9YS+h6AgfEdAyy0=,lpJ3hGN/IeHf1vCdvjpVCHPDK3o=
-9,50,w+n9sxsxQdXS9YS+h6AgfEdAyy0=,lpJ3hGN/IeHf1vCdvjpVCHPDK3o=
-7,49,w+n9sxsxQdXS9YS+h6AgfEdAyy0=,iqVxTu0MqLQXxdH/uyIZYi9XshI=
-5,49,ZPawJvXT22CS966c2a0CBYM8aJ8=,iqVxTu0MqLQXxdH/uyIZYi9XshI=
-8,49,ZPawJvXT22CS966c2a0CBYM8aJ8=,iqVxTu0MqLQXxdH/uyIZYi9XshI=
-9,51,ZPawJvXT22CS966c2a0CBYM8aJ8=,lpJ3hGN/IeHf1vCdvjpVCHPDK3o=
-14,54,4vqRWYpEkBAQYRTKm+tkd3uHVxE=,lpJ3hGN/IeHf1vCdvjpVCHPDK3o=
-16,56,4vqRWYpEkBAQYRTKm+tkd3uHVxE=,y8Ao2FJ9dHqhdii4GEbvVIWMPSw=
-16,58,4vqRWYpEkBAQYRTKm+tkd3uHVxE=,y8Ao2FJ9dHqhdii4GEbvVIWMPSw=
-14,52,4vqRWYpEkBAQYRTKm+tkd3uHVxE=,lpJ3hGN/IeHf1vCdvjpVCHPDK3o=
-10,50,4vqRWYpEkBAQYRTKm+tkd3uHVxE=,lpJ3hGN/IeHf1vCdvjpVCHPDK3o=
-16,53,4vqRWYpEkBAQYRTKm+tkd3uHVxE=,lpJ3hGN/IeHf1vCdvjpVCHPDK3o=
-11,51,4vqRWYpEkBAQYRTKm+tkd3uHVxE=,lpJ3hGN/IeHf1vCdvjpVCHPDK3o=
-16,57,4vqRWYpEkBAQYRTKm+tkd3uHVxE=,y8Ao2FJ9dHqhdii4GEbvVIWMPSw=
-16,55,4vqRWYpEkBAQYRTKm+tkd3uHVxE=,lpJ3hGN/IeHf1vCdvjpVCHPDK3o=
-10,49,h6uMUZE11lSIvkBMnjgieh1nLnE=,lpJ3hGN/IeHf1vCdvjpVCHPDK3o=
-14,53,h6uMUZE11lSIvkBMnjgieh1nLnE=,lpJ3hGN/IeHf1vCdvjpVCHPDK3o=
-12,51,h6uMUZE11lSIvkBMnjgieh1nLnE=,lpJ3hGN/IeHf1vCdvjpVCHPDK3o=
-13,55,h6uMUZE11lSIvkBMnjgieh1nLnE=,lpJ3hGN/IeHf1vCdvjpVCHPDK3o=
-10,51,h6uMUZE11lSIvkBMnjgieh1nLnE=,lpJ3hGN/IeHf1vCdvjpVCHPDK3o=
-13,59,h6uMUZE11lSIvkBMnjgieh1nLnE=,y8Ao2FJ9dHqhdii4GEbvVIWMPSw=
-16,59,h6uMUZE11lSIvkBMnjgieh1nLnE=,y8Ao2FJ9dHqhdii4GEbvVIWMPSw=
-13,58,h6uMUZE11lSIvkBMnjgieh1nLnE=,y8Ao2FJ9dHqhdii4GEbvVIWMPSw=
-15,54,h6uMUZE11lSIvkBMnjgieh1nLnE=,lpJ3hGN/IeHf1vCdvjpVCHPDK3o=
-15,52,h6uMUZE11lSIvkBMnjgieh1nLnE=,lpJ3hGN/IeHf1vCdvjpVCHPDK3o=
-13,52,TRU9mE5cJ4wUDX3EByumaGN0IO4=,lpJ3hGN/IeHf1vCdvjpVCHPDK3o=
-14,59,TRU9mE5cJ4wUDX3EByumaGN0IO4=,y8Ao2FJ9dHqhdii4GEbvVIWMPSw=
-15,53,TRU9mE5cJ4wUDX3EByumaGN0IO4=,lpJ3hGN/IeHf1vCdvjpVCHPDK3o=
-15,55,TRU9mE5cJ4wUDX3EByumaGN0IO4=,lpJ3hGN/IeHf1vCdvjpVCHPDK3o=
-15,56,TRU9mE5cJ4wUDX3EByumaGN0IO4=,y8Ao2FJ9dHqhdii4GEbvVIWMPSw=
-13,57,TRU9mE5cJ4wUDX3EByumaGN0IO4=,y8Ao2FJ9dHqhdii4GEbvVIWMPSw=
-14,56,TRU9mE5cJ4wUDX3EByumaGN0IO4=,y8Ao2FJ9dHqhdii4GEbvVIWMPSw=
-14,55,TRU9mE5cJ4wUDX3EByumaGN0IO4=,lpJ3hGN/IeHf1vCdvjpVCHPDK3o=
-13,56,TRU9mE5cJ4wUDX3EByumaGN0IO4=,y8Ao2FJ9dHqhdii4GEbvVIWMPSw=
-14,58,TRU9mE5cJ4wUDX3EByumaGN0IO4=,y8Ao2FJ9dHqhdii4GEbvVIWMPSw=
-15,58,TRU9mE5cJ4wUDX3EByumaGN0IO4=,y8Ao2FJ9dHqhdii4GEbvVIWMPSw=
-14,57,MDAhrGZ5CLQVcvkLoNIsngrnGLY=,y8Ao2FJ9dHqhdii4GEbvVIWMPSw=
-15,57,MDAhrGZ5CLQVcvkLoNIsngrnGLY=,y8Ao2FJ9dHqhdii4GEbvVIWMPSw=
-15,59,MDAhrGZ5CLQVcvkLoNIsngrnGLY=,y8Ao2FJ9dHqhdii4GEbvVIWMPSw=
-4,58,MDAhrGZ5CLQVcvkLoNIsngrnGLY=,kyAb+UYBgSKF49twBOYWn1ed08k=
-3,53,MDAhrGZ5CLQVcvkLoNIsngrnGLY=,iqVxTu0MqLQXxdH/uyIZYi9XshI=
-16,52,4CdNcfIkWSn0z7G9xUKXnvBr5L8=,lpJ3hGN/IeHf1vCdvjpVCHPDK3o=
-2,53,4CdNcfIkWSn0z7G9xUKXnvBr5L8=,iqVxTu0MqLQXxdH/uyIZYi9XshI=
-4,57,4CdNcfIkWSn0z7G9xUKXnvBr5L8=,kyAb+UYBgSKF49twBOYWn1ed08k=
-1,55,4CdNcfIkWSn0z7G9xUKXnvBr5L8=,iqVxTu0MqLQXxdH/uyIZYi9XshI=
-9,63,4CdNcfIkWSn0z7G9xUKXnvBr5L8=,y8Ao2FJ9dHqhdii4GEbvVIWMPSw=
-2,57,yffOmsh0Ml48as8VcUXpqoA1M84=,kyAb+UYBgSKF49twBOYWn1ed08k=
-10,63,yffOmsh0Ml48as8VcUXpqoA1M84=,y8Ao2FJ9dHqhdii4GEbvVIWMPSw=
-1,59,yffOmsh0Ml48as8VcUXpqoA1M84=,kyAb+UYBgSKF49twBOYWn1ed08k=
-3,57,G3mInq4x3uhjeN3yhD+brnRgVVM=,kyAb+UYBgSKF49twBOYWn1ed08k=
-3,54,K6BlvFxAdrQ97VZtp4r5qX2sSCg=,iqVxTu0MqLQXxdH/uyIZYi9XshI=
-1,53,K6BlvFxAdrQ97VZtp4r5qX2sSCg=,iqVxTu0MqLQXxdH/uyIZYi9XshI=
-2,59,K6BlvFxAdrQ97VZtp4r5qX2sSCg=,kyAb+UYBgSKF49twBOYWn1ed08k=
-3,58,K6BlvFxAdrQ97VZtp4r5qX2sSCg=,kyAb+UYBgSKF49twBOYWn1ed08k=
-9,60,K6BlvFxAdrQ97VZtp4r5qX2sSCg=,y8Ao2FJ9dHqhdii4GEbvVIWMPSw=
-2,58,K6BlvFxAdrQ97VZtp4r5qX2sSCg=,kyAb+UYBgSKF49twBOYWn1ed08k=
-4,53,K6BlvFxAdrQ97VZtp4r5qX2sSCg=,iqVxTu0MqLQXxdH/uyIZYi9XshI=
-10,61,K6BlvFxAdrQ97VZtp4r5qX2sSCg=,y8Ao2FJ9dHqhdii4GEbvVIWMPSw=
-9,62,K6BlvFxAdrQ97VZtp4r5qX2sSCg=,y8Ao2FJ9dHqhdii4GEbvVIWMPSw=
-11,60,K6BlvFxAdrQ97VZtp4r5qX2sSCg=,y8Ao2FJ9dHqhdii4GEbvVIWMPSw=
-11,62,K6BlvFxAdrQ97VZtp4r5qX2sSCg=,y8Ao2FJ9dHqhdii4GEbvVIWMPSw=
-11,63,K6BlvFxAdrQ97VZtp4r5qX2sSCg=,y8Ao2FJ9dHqhdii4GEbvVIWMPSw=
-9,61,K6BlvFxAdrQ97VZtp4r5qX2sSCg=,y8Ao2FJ9dHqhdii4GEbvVIWMPSw=
-12,61,K6BlvFxAdrQ97VZtp4r5qX2sSCg=,y8Ao2FJ9dHqhdii4GEbvVIWMPSw=
-11,61,K6BlvFxAdrQ97VZtp4r5qX2sSCg=,y8Ao2FJ9dHqhdii4GEbvVIWMPSw=
-12,62,K6BlvFxAdrQ97VZtp4r5qX2sSCg=,y8Ao2FJ9dHqhdii4GEbvVIWMPSw=
-10,62,K6BlvFxAdrQ97VZtp4r5qX2sSCg=,y8Ao2FJ9dHqhdii4GEbvVIWMPSw=
-12,60,K6BlvFxAdrQ97VZtp4r5qX2sSCg=,y8Ao2FJ9dHqhdii4GEbvVIWMPSw=
-3,59,K6BlvFxAdrQ97VZtp4r5qX2sSCg=,kyAb+UYBgSKF49twBOYWn1ed08k=
-12,63,K6BlvFxAdrQ97VZtp4r5qX2sSCg=,y8Ao2FJ9dHqhdii4GEbvVIWMPSw=
-1,52,K6BlvFxAdrQ97VZtp4r5qX2sSCg=,iqVxTu0MqLQXxdH/uyIZYi9XshI=
-4,54,K6BlvFxAdrQ97VZtp4r5qX2sSCg=,iqVxTu0MqLQXxdH/uyIZYi9XshI=
-1,58,K6BlvFxAdrQ97VZtp4r5qX2sSCg=,kyAb+UYBgSKF49twBOYWn1ed08k=
-4,56,K6BlvFxAdrQ97VZtp4r5qX2sSCg=,kyAb+UYBgSKF49twBOYWn1ed08k=
-1,57,K6BlvFxAdrQ97VZtp4r5qX2sSCg=,kyAb+UYBgSKF49twBOYWn1ed08k=
-1,56,hiZRoi/kaxCzqOQp3XjeRDw9wjY=,kyAb+UYBgSKF49twBOYWn1ed08k=
-2,56,hiZRoi/kaxCzqOQp3XjeRDw9wjY=,kyAb+UYBgSKF49twBOYWn1ed08k=
-3,52,aq3tCswxg+EnxYJ6kOCndMg7VH8=,iqVxTu0MqLQXxdH/uyIZYi9XshI=
-16,48,aq3tCswxg+EnxYJ6kOCndMg7VH8=,lpJ3hGN/IeHf1vCdvjpVCHPDK3o=
-7,60,aq3tCswxg+EnxYJ6kOCndMg7VH8=,kyAb+UYBgSKF49twBOYWn1ed08k=
-2,52,XKepvGKE1e+FgppdjK6Fk3TKZo8=,iqVxTu0MqLQXxdH/uyIZYi9XshI=
-1,63,XKepvGKE1e+FgppdjK6Fk3TKZo8=,kyAb+UYBgSKF49twBOYWn1ed08k=
-16,63,XKepvGKE1e+FgppdjK6Fk3TKZo8=,y8Ao2FJ9dHqhdii4GEbvVIWMPSw=
-13,63,XKepvGKE1e+FgppdjK6Fk3TKZo8=,y8Ao2FJ9dHqhdii4GEbvVIWMPSw=
-2,54,XKepvGKE1e+FgppdjK6Fk3TKZo8=,iqVxTu0MqLQXxdH/uyIZYi9XshI=
-1,54,XKepvGKE1e+FgppdjK6Fk3TKZo8=,iqVxTu0MqLQXxdH/uyIZYi9XshI=
-15,60,b7+titGuo4p/o+KPVBbMIRCi9mI=,y8Ao2FJ9dHqhdii4GEbvVIWMPSw=
-3,55,b7+titGuo4p/o+KPVBbMIRCi9mI=,iqVxTu0MqLQXxdH/uyIZYi9XshI=
-16,50,b7+titGuo4p/o+KPVBbMIRCi9mI=,lpJ3hGN/IeHf1vCdvjpVCHPDK3o=
-13,48,b7+titGuo4p/o+KPVBbMIRCi9mI=,lpJ3hGN/IeHf1vCdvjpVCHPDK3o=
-4,55,b7+titGuo4p/o+KPVBbMIRCi9mI=,iqVxTu0MqLQXxdH/uyIZYi9XshI=
-3,56,b7+titGuo4p/o+KPVBbMIRCi9mI=,kyAb+UYBgSKF49twBOYWn1ed08k=
-16,51,b7+titGuo4p/o+KPVBbMIRCi9mI=,lpJ3hGN/IeHf1vCdvjpVCHPDK3o=
-4,52,4TyWjvGTMvBBcDZKCZtj/98MDmg=,iqVxTu0MqLQXxdH/uyIZYi9XshI=
-16,49,4TyWjvGTMvBBcDZKCZtj/98MDmg=,lpJ3hGN/IeHf1vCdvjpVCHPDK3o=
-2,55,4TyWjvGTMvBBcDZKCZtj/98MDmg=,iqVxTu0MqLQXxdH/uyIZYi9XshI=
-14,48,4TyWjvGTMvBBcDZKCZtj/98MDmg=,lpJ3hGN/IeHf1vCdvjpVCHPDK3o=
-15,48,4TyWjvGTMvBBcDZKCZtj/98MDmg=,lpJ3hGN/IeHf1vCdvjpVCHPDK3o=
-15,51,4TyWjvGTMvBBcDZKCZtj/98MDmg=,lpJ3hGN/IeHf1vCdvjpVCHPDK3o=
-13,51,4TyWjvGTMvBBcDZKCZtj/98MDmg=,lpJ3hGN/IeHf1vCdvjpVCHPDK3o=
-13,49,4TyWjvGTMvBBcDZKCZtj/98MDmg=,lpJ3hGN/IeHf1vCdvjpVCHPDK3o=
-14,51,+EhMUqTwLrc4dUnrgIJDAdPUJPM=,lpJ3hGN/IeHf1vCdvjpVCHPDK3o=
-14,49,+EhMUqTwLrc4dUnrgIJDAdPUJPM=,lpJ3hGN/IeHf1vCdvjpVCHPDK3o=
-15,50,+EhMUqTwLrc4dUnrgIJDAdPUJPM=,lpJ3hGN/IeHf1vCdvjpVCHPDK3o=
-15,49,+EhMUqTwLrc4dUnrgIJDAdPUJPM=,lpJ3hGN/IeHf1vCdvjpVCHPDK3o=
-8,62,+EhMUqTwLrc4dUnrgIJDAdPUJPM=,kyAb+UYBgSKF49twBOYWn1ed08k=
-13,50,+EhMUqTwLrc4dUnrgIJDAdPUJPM=,lpJ3hGN/IeHf1vCdvjpVCHPDK3o=
-14,50,+EhMUqTwLrc4dUnrgIJDAdPUJPM=,lpJ3hGN/IeHf1vCdvjpVCHPDK3o=
-8,63,cHNwwV5o0hEjWshzCf21TgiifY0=,kyAb+UYBgSKF49twBOYWn1ed08k=
-8,61,cHNwwV5o0hEjWshzCf21TgiifY0=,kyAb+UYBgSKF49twBOYWn1ed08k=
-6,63,cHNwwV5o0hEjWshzCf21TgiifY0=,kyAb+UYBgSKF49twBOYWn1ed08k=
-7,63,cHNwwV5o0hEjWshzCf21TgiifY0=,kyAb+UYBgSKF49twBOYWn1ed08k=
-8,60,cHNwwV5o0hEjWshzCf21TgiifY0=,kyAb+UYBgSKF49twBOYWn1ed08k=
-6,61,cHNwwV5o0hEjWshzCf21TgiifY0=,kyAb+UYBgSKF49twBOYWn1ed08k=
-5,63,cHNwwV5o0hEjWshzCf21TgiifY0=,kyAb+UYBgSKF49twBOYWn1ed08k=
-3,62,l1Y7nKu+/4K+vVs8tRaX8cI4KZk=,kyAb+UYBgSKF49twBOYWn1ed08k=
-3,60,l1Y7nKu+/4K+vVs8tRaX8cI4KZk=,kyAb+UYBgSKF49twBOYWn1ed08k=
-2,63,l1Y7nKu+/4K+vVs8tRaX8cI4KZk=,kyAb+UYBgSKF49twBOYWn1ed08k=
-7,62,l1Y7nKu+/4K+vVs8tRaX8cI4KZk=,kyAb+UYBgSKF49twBOYWn1ed08k=
-7,61,l1Y7nKu+/4K+vVs8tRaX8cI4KZk=,kyAb+UYBgSKF49twBOYWn1ed08k=
-5,62,l1Y7nKu+/4K+vVs8tRaX8cI4KZk=,kyAb+UYBgSKF49twBOYWn1ed08k=
-6,60,mKICDXeGfigRNsiasMCQOR00U8M=,kyAb+UYBgSKF49twBOYWn1ed08k=
-6,62,mKICDXeGfigRNsiasMCQOR00U8M=,kyAb+UYBgSKF49twBOYWn1ed08k=
-2,60,mKICDXeGfigRNsiasMCQOR00U8M=,kyAb+UYBgSKF49twBOYWn1ed08k=
-2,61,mKICDXeGfigRNsiasMCQOR00U8M=,kyAb+UYBgSKF49twBOYWn1ed08k=
-14,63,mKICDXeGfigRNsiasMCQOR00U8M=,y8Ao2FJ9dHqhdii4GEbvVIWMPSw=
-1,61,IYrE6SZR5/OKXsy+B8KXMcX30uA=,kyAb+UYBgSKF49twBOYWn1ed08k=
-15,63,IYrE6SZR5/OKXsy+B8KXMcX30uA=,y8Ao2FJ9dHqhdii4GEbvVIWMPSw=
-4,63,IYrE6SZR5/OKXsy+B8KXMcX30uA=,kyAb+UYBgSKF49twBOYWn1ed08k=
-3,63,IYrE6SZR5/OKXsy+B8KXMcX30uA=,kyAb+UYBgSKF49twBOYWn1ed08k=
-2,62,IYrE6SZR5/OKXsy+B8KXMcX30uA=,kyAb+UYBgSKF49twBOYWn1ed08k=
-1,62,IYrE6SZR5/OKXsy+B8KXMcX30uA=,kyAb+UYBgSKF49twBOYWn1ed08k=
-1,60,IYrE6SZR5/OKXsy+B8KXMcX30uA=,kyAb+UYBgSKF49twBOYWn1ed08k=
-16,61,C/avAacYtvyrrX56E0JVr6cP49o=,y8Ao2FJ9dHqhdii4GEbvVIWMPSw=
-16,62,C/avAacYtvyrrX56E0JVr6cP49o=,y8Ao2FJ9dHqhdii4GEbvVIWMPSw=
-14,61,C/avAacYtvyrrX56E0JVr6cP49o=,y8Ao2FJ9dHqhdii4GEbvVIWMPSw=
-15,61,C/avAacYtvyrrX56E0JVr6cP49o=,y8Ao2FJ9dHqhdii4GEbvVIWMPSw=
-13,60,C/avAacYtvyrrX56E0JVr6cP49o=,y8Ao2FJ9dHqhdii4GEbvVIWMPSw=
-13,61,qm/A5WLYX1U6K5qGBKONLtuZPTw=,y8Ao2FJ9dHqhdii4GEbvVIWMPSw=
-15,62,qm/A5WLYX1U6K5qGBKONLtuZPTw=,y8Ao2FJ9dHqhdii4GEbvVIWMPSw=
-14,62,qm/A5WLYX1U6K5qGBKONLtuZPTw=,y8Ao2FJ9dHqhdii4GEbvVIWMPSw=
-13,62,qm/A5WLYX1U6K5qGBKONLtuZPTw=,y8Ao2FJ9dHqhdii4GEbvVIWMPSw=
-16,60,qm/A5WLYX1U6K5qGBKONLtuZPTw=,y8Ao2FJ9dHqhdii4GEbvVIWMPSw=
-14,60,qm/A5WLYX1U6K5qGBKONLtuZPTw=,y8Ao2FJ9dHqhdii4GEbvVIWMPSw=
-12,42,yezBwZTPT6b6UMjUJy2jHGPAoxQ=,JMgdWM4+qCGSf1AvSN82rRo91mQ=
-9,39,yezBwZTPT6b6UMjUJy2jHGPAoxQ=,AjkWWXxqlHRyb8SEuSnl8RUhNzc=
-12,41,2aS4ZmhHGhNYPEahjXXW84ZDX84=,JMgdWM4+qCGSf1AvSN82rRo91mQ=
-11,42,2aS4ZmhHGhNYPEahjXXW84ZDX84=,JMgdWM4+qCGSf1AvSN82rRo91mQ=
-11,41,2aS4ZmhHGhNYPEahjXXW84ZDX84=,JMgdWM4+qCGSf1AvSN82rRo91mQ=
-9,38,2aS4ZmhHGhNYPEahjXXW84ZDX84=,AjkWWXxqlHRyb8SEuSnl8RUhNzc=
-10,41,2aS4ZmhHGhNYPEahjXXW84ZDX84=,JMgdWM4+qCGSf1AvSN82rRo91mQ=
-12,36,2aS4ZmhHGhNYPEahjXXW84ZDX84=,AjkWWXxqlHRyb8SEuSnl8RUhNzc=
-9,40,2aS4ZmhHGhNYPEahjXXW84ZDX84=,JMgdWM4+qCGSf1AvSN82rRo91mQ=
-10,42,SSpYPVLKOEQJLYMrhUugTs/2VU4=,JMgdWM4+qCGSf1AvSN82rRo91mQ=
-9,36,SSpYPVLKOEQJLYMrhUugTs/2VU4=,AjkWWXxqlHRyb8SEuSnl8RUhNzc=
-12,43,SSpYPVLKOEQJLYMrhUugTs/2VU4=,JMgdWM4+qCGSf1AvSN82rRo91mQ=
-11,38,4RuifuZmotRMA0RXJtQSC1gLLvs=,AjkWWXxqlHRyb8SEuSnl8RUhNzc=
-11,39,4RuifuZmotRMA0RXJtQSC1gLLvs=,AjkWWXxqlHRyb8SEuSnl8RUhNzc=
-4,38,4RuifuZmotRMA0RXJtQSC1gLLvs=,aBzCClQM5OHi8rEPsIubbyeQpb0=
-12,38,4RuifuZmotRMA0RXJtQSC1gLLvs=,AjkWWXxqlHRyb8SEuSnl8RUhNzc=
-10,36,wJQUGVi3p7bew+4FhWZycieqH84=,AjkWWXxqlHRyb8SEuSnl8RUhNzc=
-10,39,wJQUGVi3p7bew+4FhWZycieqH84=,AjkWWXxqlHRyb8SEuSnl8RUhNzc=
-10,38,wJQUGVi3p7bew+4FhWZycieqH84=,AjkWWXxqlHRyb8SEuSnl8RUhNzc=
-11,36,wJQUGVi3p7bew+4FhWZycieqH84=,AjkWWXxqlHRyb8SEuSnl8RUhNzc=
-11,37,wJQUGVi3p7bew+4FhWZycieqH84=,AjkWWXxqlHRyb8SEuSnl8RUhNzc=
-9,37,UoPnRTDgzuGhQNo+awPiq+qrA/Y=,AjkWWXxqlHRyb8SEuSnl8RUhNzc=
-12,39,UoPnRTDgzuGhQNo+awPiq+qrA/Y=,AjkWWXxqlHRyb8SEuSnl8RUhNzc=
-10,37,UoPnRTDgzuGhQNo+awPiq+qrA/Y=,AjkWWXxqlHRyb8SEuSnl8RUhNzc=
-8,40,gzZDv62iq0+zRTrxGxFUrzfKJBw=,1REf27sBzvX+9DHs+m97ZgfbZHE=
-9,43,gzZDv62iq0+zRTrxGxFUrzfKJBw=,JMgdWM4+qCGSf1AvSN82rRo91mQ=
-3,38,gzZDv62iq0+zRTrxGxFUrzfKJBw=,aBzCClQM5OHi8rEPsIubbyeQpb0=
-12,37,gzZDv62iq0+zRTrxGxFUrzfKJBw=,AjkWWXxqlHRyb8SEuSnl8RUhNzc=
-11,40,gzZDv62iq0+zRTrxGxFUrzfKJBw=,JMgdWM4+qCGSf1AvSN82rRo91mQ=
-8,36,gzZDv62iq0+zRTrxGxFUrzfKJBw=,aBzCClQM5OHi8rEPsIubbyeQpb0=
-12,40,gzZDv62iq0+zRTrxGxFUrzfKJBw=,JMgdWM4+qCGSf1AvSN82rRo91mQ=
-2,47,gzZDv62iq0+zRTrxGxFUrzfKJBw=,1REf27sBzvX+9DHs+m97ZgfbZHE=
-11,43,gzZDv62iq0+zRTrxGxFUrzfKJBw=,JMgdWM4+qCGSf1AvSN82rRo91mQ=
-10,43,gzZDv62iq0+zRTrxGxFUrzfKJBw=,JMgdWM4+qCGSf1AvSN82rRo91mQ=
-9,41,gzZDv62iq0+zRTrxGxFUrzfKJBw=,JMgdWM4+qCGSf1AvSN82rRo91mQ=
-10,40,gzZDv62iq0+zRTrxGxFUrzfKJBw=,JMgdWM4+qCGSf1AvSN82rRo91mQ=
-9,42,xtECXNPmlzdVuJ+JYzsYroP1SZc=,JMgdWM4+qCGSf1AvSN82rRo91mQ=
-1,38,xtECXNPmlzdVuJ+JYzsYroP1SZc=,aBzCClQM5OHi8rEPsIubbyeQpb0=
-2,40,/MQBlfsDu1nFU1tromt3R0OmtwE=,1REf27sBzvX+9DHs+m97ZgfbZHE=
-2,38,/MQBlfsDu1nFU1tromt3R0OmtwE=,aBzCClQM5OHi8rEPsIubbyeQpb0=
-7,41,T4/a0ILG766PFYD7DpR+KLPcchA=,1REf27sBzvX+9DHs+m97ZgfbZHE=
-3,47,T4/a0ILG766PFYD7DpR+KLPcchA=,1REf27sBzvX+9DHs+m97ZgfbZHE=
-3,40,LhiZ9rdLu8aTQR6CbyPZIRhUPtk=,1REf27sBzvX+9DHs+m97ZgfbZHE=
-7,40,LhiZ9rdLu8aTQR6CbyPZIRhUPtk=,1REf27sBzvX+9DHs+m97ZgfbZHE=
-4,40,yedgz2B+r2mDyVKZTgF5JAseUbY=,1REf27sBzvX+9DHs+m97ZgfbZHE=
-6,41,yedgz2B+r2mDyVKZTgF5JAseUbY=,1REf27sBzvX+9DHs+m97ZgfbZHE=
-8,41,yedgz2B+r2mDyVKZTgF5JAseUbY=,1REf27sBzvX+9DHs+m97ZgfbZHE=
-5,41,ulw561VL9EN7uSQxy5rRlkBWiwU=,1REf27sBzvX+9DHs+m97ZgfbZHE=
-1,39,ulw561VL9EN7uSQxy5rRlkBWiwU=,aBzCClQM5OHi8rEPsIubbyeQpb0=
-5,40,ulw561VL9EN7uSQxy5rRlkBWiwU=,1REf27sBzvX+9DHs+m97ZgfbZHE=
-1,40,ulw561VL9EN7uSQxy5rRlkBWiwU=,1REf27sBzvX+9DHs+m97ZgfbZHE=
-1,43,ulw561VL9EN7uSQxy5rRlkBWiwU=,1REf27sBzvX+9DHs+m97ZgfbZHE=
-8,43,MMw83sglw30ES4KCjWXnrorFjPw=,1REf27sBzvX+9DHs+m97ZgfbZHE=
-2,43,MMw83sglw30ES4KCjWXnrorFjPw=,1REf27sBzvX+9DHs+m97ZgfbZHE=
-6,40,MMw83sglw30ES4KCjWXnrorFjPw=,1REf27sBzvX+9DHs+m97ZgfbZHE=
-2,42,MMw83sglw30ES4KCjWXnrorFjPw=,1REf27sBzvX+9DHs+m97ZgfbZHE=
-4,43,iONOplXa6pRrB9Le+MJ53A4I35E=,1REf27sBzvX+9DHs+m97ZgfbZHE=
-3,42,iONOplXa6pRrB9Le+MJ53A4I35E=,1REf27sBzvX+9DHs+m97ZgfbZHE=
-7,43,iONOplXa6pRrB9Le+MJ53A4I35E=,1REf27sBzvX+9DHs+m97ZgfbZHE=
-4,42,iONOplXa6pRrB9Le+MJ53A4I35E=,1REf27sBzvX+9DHs+m97ZgfbZHE=
-2,39,ki36iHDxvO4/sduRuw0Lfxjm7oo=,aBzCClQM5OHi8rEPsIubbyeQpb0=
-6,43,9CzJTQmmuRl2D2U+F5p+Y0XVNqk=,1REf27sBzvX+9DHs+m97ZgfbZHE=
-3,43,9CzJTQmmuRl2D2U+F5p+Y0XVNqk=,1REf27sBzvX+9DHs+m97ZgfbZHE=
-3,39,/hdDETSZ0YGXX5d49mdVVk/vVME=,aBzCClQM5OHi8rEPsIubbyeQpb0=
-1,42,/hdDETSZ0YGXX5d49mdVVk/vVME=,1REf27sBzvX+9DHs+m97ZgfbZHE=
-5,43,IbaakXSHmwmlcVbP6v4uqucfU5I=,1REf27sBzvX+9DHs+m97ZgfbZHE=
-3,41,A/8rOcDu48fU41rk/Cn0qdWAKGs=,1REf27sBzvX+9DHs+m97ZgfbZHE=
-2,41,A/8rOcDu48fU41rk/Cn0qdWAKGs=,1REf27sBzvX+9DHs+m97ZgfbZHE=
-4,41,A/8rOcDu48fU41rk/Cn0qdWAKGs=,1REf27sBzvX+9DHs+m97ZgfbZHE=
-6,42,4lqPq4Kpzv25jBdPJ9t3mT7RSWs=,1REf27sBzvX+9DHs+m97ZgfbZHE=
-5,38,ZkLy1BZzoz4JyyHkrVF9Tq+txXw=,aBzCClQM5OHi8rEPsIubbyeQpb0=
-7,42,ZkLy1BZzoz4JyyHkrVF9Tq+txXw=,1REf27sBzvX+9DHs+m97ZgfbZHE=
-5,42,fVrfSbd0NirbfRDa9j9pnCs13JY=,1REf27sBzvX+9DHs+m97ZgfbZHE=
-6,38,fVrfSbd0NirbfRDa9j9pnCs13JY=,aBzCClQM5OHi8rEPsIubbyeQpb0=
-8,42,hrKGQpHMA9Ihk2IofVCUBOgPAHg=,1REf27sBzvX+9DHs+m97ZgfbZHE=
-6,39,hrKGQpHMA9Ihk2IofVCUBOgPAHg=,aBzCClQM5OHi8rEPsIubbyeQpb0=
-8,39,hrKGQpHMA9Ihk2IofVCUBOgPAHg=,aBzCClQM5OHi8rEPsIubbyeQpb0=
-4,39,FXsWutsLgAgn3p5vRMwGcwaGdEY=,aBzCClQM5OHi8rEPsIubbyeQpb0=
-1,37,FXsWutsLgAgn3p5vRMwGcwaGdEY=,aBzCClQM5OHi8rEPsIubbyeQpb0=
-7,38,s4NkkyKCwsFc3f9+SylXfNsHBWU=,aBzCClQM5OHi8rEPsIubbyeQpb0=
-8,38,dBBXnIvXfXXGmPlLESDKlGXdrsA=,aBzCClQM5OHi8rEPsIubbyeQpb0=
-5,39,6A2smLZLlYQTGwB7009DbKN/lqo=,aBzCClQM5OHi8rEPsIubbyeQpb0=
-7,37,U9AIha73zVvho3qBqOZNPgzM2D8=,aBzCClQM5OHi8rEPsIubbyeQpb0=
-1,41,O1Y/6lzObrWieB6ofGpmhd2rXZY=,1REf27sBzvX+9DHs+m97ZgfbZHE=
-8,37,O1Y/6lzObrWieB6ofGpmhd2rXZY=,aBzCClQM5OHi8rEPsIubbyeQpb0=
-7,39,O1Y/6lzObrWieB6ofGpmhd2rXZY=,aBzCClQM5OHi8rEPsIubbyeQpb0=
-2,36,4nYIpmqS78d8PHHjqpc7vFXml4k=,aBzCClQM5OHi8rEPsIubbyeQpb0=
-3,36,pkYmMPVdOFEVQuG1nGaQhdN1rQA=,aBzCClQM5OHi8rEPsIubbyeQpb0=
-5,37,pkYmMPVdOFEVQuG1nGaQhdN1rQA=,aBzCClQM5OHi8rEPsIubbyeQpb0=
-4,36,BdevywARXFaoZUETPKtfmzVAWys=,aBzCClQM5OHi8rEPsIubbyeQpb0=
-5,36,twGaJDwYKXh6gQlltrmUIwLIKnk=,aBzCClQM5OHi8rEPsIubbyeQpb0=
-7,36,BUlM2zi4sL+xDccpdOUtxgdGNaQ=,aBzCClQM5OHi8rEPsIubbyeQpb0=
-4,37,BUlM2zi4sL+xDccpdOUtxgdGNaQ=,aBzCClQM5OHi8rEPsIubbyeQpb0=
-3,37,BUlM2zi4sL+xDccpdOUtxgdGNaQ=,aBzCClQM5OHi8rEPsIubbyeQpb0=
-2,37,Fb27LvB2RcQQgZDU+wieDNRgO3s=,aBzCClQM5OHi8rEPsIubbyeQpb0=
-6,36,Fb27LvB2RcQQgZDU+wieDNRgO3s=,aBzCClQM5OHi8rEPsIubbyeQpb0=
-6,37,Fb27LvB2RcQQgZDU+wieDNRgO3s=,aBzCClQM5OHi8rEPsIubbyeQpb0=
-2,46,IFAGg9gRZW0vE6cN/TFH9NyZ0UY=,1REf27sBzvX+9DHs+m97ZgfbZHE=
-1,46,IFAGg9gRZW0vE6cN/TFH9NyZ0UY=,1REf27sBzvX+9DHs+m97ZgfbZHE=
-1,36,fzFlXfluON7iDa4/mjUzDx98JOM=,aBzCClQM5OHi8rEPsIubbyeQpb0=
-4,47,3hWyZQH36O6jVzE9Ro7DQrrO2d4=,1REf27sBzvX+9DHs+m97ZgfbZHE=
-2,44,3hWyZQH36O6jVzE9Ro7DQrrO2d4=,1REf27sBzvX+9DHs+m97ZgfbZHE=
-1,47,7HSxlhbTB+jQjvTIxbZTsFj147k=,1REf27sBzvX+9DHs+m97ZgfbZHE=
-3,45,7HSxlhbTB+jQjvTIxbZTsFj147k=,1REf27sBzvX+9DHs+m97ZgfbZHE=
-4,46,7HSxlhbTB+jQjvTIxbZTsFj147k=,1REf27sBzvX+9DHs+m97ZgfbZHE=
-2,45,9vu5LBxDcJh1fiFgR+PuQO+T67k=,1REf27sBzvX+9DHs+m97ZgfbZHE=
-1,45,N6uaEnD9sb6YXw4eAaBYQ5p0Nk4=,1REf27sBzvX+9DHs+m97ZgfbZHE=
-3,44,W1UbvHgO1NshdXwU/h7i0bEwSHg=,1REf27sBzvX+9DHs+m97ZgfbZHE=
-1,44,5MEZky/lS+KvtiVAJ7KonxKPjw4=,1REf27sBzvX+9DHs+m97ZgfbZHE=
-3,46,5MEZky/lS+KvtiVAJ7KonxKPjw4=,1REf27sBzvX+9DHs+m97ZgfbZHE=
-4,45,5MEZky/lS+KvtiVAJ7KonxKPjw4=,1REf27sBzvX+9DHs+m97ZgfbZHE=
-4,44,v7sadIq9W2gYmGwB608wuwgp3Ms=,1REf27sBzvX+9DHs+m97ZgfbZHE=
-1,33,S68TWZaP1tB5FbICnRaMehog/hM=,aBzCClQM5OHi8rEPsIubbyeQpb0=
-2,33,S68TWZaP1tB5FbICnRaMehog/hM=,aBzCClQM5OHi8rEPsIubbyeQpb0=
-3,33,izVqOXLj34dT7FTvEv+fYTYeFOU=,aBzCClQM5OHi8rEPsIubbyeQpb0=
-4,33,izVqOXLj34dT7FTvEv+fYTYeFOU=,aBzCClQM5OHi8rEPsIubbyeQpb0=
-1,34,ldFg31iqAavEbPJvwW2s5vvrBs0=,aBzCClQM5OHi8rEPsIubbyeQpb0=
-4,35,LSfqhcGEoTFt7Q2PBhgjYvJL+fc=,aBzCClQM5OHi8rEPsIubbyeQpb0=
-3,34,LSfqhcGEoTFt7Q2PBhgjYvJL+fc=,aBzCClQM5OHi8rEPsIubbyeQpb0=
-1,32,LSfqhcGEoTFt7Q2PBhgjYvJL+fc=,aBzCClQM5OHi8rEPsIubbyeQpb0=
-2,35,u+CbXJphtH9sqKdDUaILNlzC824=,aBzCClQM5OHi8rEPsIubbyeQpb0=
-1,35,u+CbXJphtH9sqKdDUaILNlzC824=,aBzCClQM5OHi8rEPsIubbyeQpb0=
-4,34,ssvNP4p0gr6E2IbhNXqbIstpiTU=,aBzCClQM5OHi8rEPsIubbyeQpb0=
-4,32,ssvNP4p0gr6E2IbhNXqbIstpiTU=,aBzCClQM5OHi8rEPsIubbyeQpb0=
-2,34,s9JuhjjaE/aStRVghepDEBrdBHI=,aBzCClQM5OHi8rEPsIubbyeQpb0=
-10,47,s9JuhjjaE/aStRVghepDEBrdBHI=,JMgdWM4+qCGSf1AvSN82rRo91mQ=
-9,47,s9JuhjjaE/aStRVghepDEBrdBHI=,JMgdWM4+qCGSf1AvSN82rRo91mQ=
-11,47,Jf8ShKPU4VxXQGzd3Xk6xxkrdnA=,JMgdWM4+qCGSf1AvSN82rRo91mQ=
-9,32,siSpouaWV5C3K93HpNcbw4Z7NyU=,AjkWWXxqlHRyb8SEuSnl8RUhNzc=
-3,32,siSpouaWV5C3K93HpNcbw4Z7NyU=,aBzCClQM5OHi8rEPsIubbyeQpb0=
-7,46,gvwlmxjSzjy21fYkncmIyE6B9kw=,1REf27sBzvX+9DHs+m97ZgfbZHE=
-3,35,c39B+srb4zjErDoQMRe0Jv6w/yk=,aBzCClQM5OHi8rEPsIubbyeQpb0=
-11,44,c39B+srb4zjErDoQMRe0Jv6w/yk=,JMgdWM4+qCGSf1AvSN82rRo91mQ=
-2,32,c39B+srb4zjErDoQMRe0Jv6w/yk=,aBzCClQM5OHi8rEPsIubbyeQpb0=
-8,47,c39B+srb4zjErDoQMRe0Jv6w/yk=,1REf27sBzvX+9DHs+m97ZgfbZHE=
-12,47,c39B+srb4zjErDoQMRe0Jv6w/yk=,JMgdWM4+qCGSf1AvSN82rRo91mQ=
-6,46,c39B+srb4zjErDoQMRe0Jv6w/yk=,1REf27sBzvX+9DHs+m97ZgfbZHE=
-5,46,qXXHwEiwxD9fQLaepHpeqyULdzE=,1REf27sBzvX+9DHs+m97ZgfbZHE=
-10,32,qXXHwEiwxD9fQLaepHpeqyULdzE=,AjkWWXxqlHRyb8SEuSnl8RUhNzc=
-12,44,qXXHwEiwxD9fQLaepHpeqyULdzE=,JMgdWM4+qCGSf1AvSN82rRo91mQ=
-6,45,qXXHwEiwxD9fQLaepHpeqyULdzE=,1REf27sBzvX+9DHs+m97ZgfbZHE=
-5,47,qXXHwEiwxD9fQLaepHpeqyULdzE=,1REf27sBzvX+9DHs+m97ZgfbZHE=
-8,45,ZUbCyfYPqQ6UValHSDyjXXMjKLI=,1REf27sBzvX+9DHs+m97ZgfbZHE=
-8,44,H8Nkf7FAG44Tz8RTszKa7gfY0IQ=,1REf27sBzvX+9DHs+m97ZgfbZHE=
-11,46,e4mvbJsmxU7QVP/LiUBQDdelKRU=,JMgdWM4+qCGSf1AvSN82rRo91mQ=
-6,44,e4mvbJsmxU7QVP/LiUBQDdelKRU=,1REf27sBzvX+9DHs+m97ZgfbZHE=
-7,45,e/LjOIGC4MLriOlELNWbgw6tqcY=,1REf27sBzvX+9DHs+m97ZgfbZHE=
-10,46,e/LjOIGC4MLriOlELNWbgw6tqcY=,JMgdWM4+qCGSf1AvSN82rRo91mQ=
-12,46,e/LjOIGC4MLriOlELNWbgw6tqcY=,JMgdWM4+qCGSf1AvSN82rRo91mQ=
-8,46,e/LjOIGC4MLriOlELNWbgw6tqcY=,1REf27sBzvX+9DHs+m97ZgfbZHE=
-10,45,e/LjOIGC4MLriOlELNWbgw6tqcY=,JMgdWM4+qCGSf1AvSN82rRo91mQ=
-11,45,frgLlfZKAY+uoW/8/6+vqoHSy/8=,JMgdWM4+qCGSf1AvSN82rRo91mQ=
-9,46,frgLlfZKAY+uoW/8/6+vqoHSy/8=,JMgdWM4+qCGSf1AvSN82rRo91mQ=
-7,44,frgLlfZKAY+uoW/8/6+vqoHSy/8=,1REf27sBzvX+9DHs+m97ZgfbZHE=
-6,47,frgLlfZKAY+uoW/8/6+vqoHSy/8=,1REf27sBzvX+9DHs+m97ZgfbZHE=
-12,45,frgLlfZKAY+uoW/8/6+vqoHSy/8=,JMgdWM4+qCGSf1AvSN82rRo91mQ=
-9,44,frgLlfZKAY+uoW/8/6+vqoHSy/8=,JMgdWM4+qCGSf1AvSN82rRo91mQ=
-5,45,frgLlfZKAY+uoW/8/6+vqoHSy/8=,1REf27sBzvX+9DHs+m97ZgfbZHE=
-9,45,frgLlfZKAY+uoW/8/6+vqoHSy/8=,JMgdWM4+qCGSf1AvSN82rRo91mQ=
-11,32,frgLlfZKAY+uoW/8/6+vqoHSy/8=,AjkWWXxqlHRyb8SEuSnl8RUhNzc=
-11,35,SDT85fkweOcRFfjzqk46XW/N3kM=,AjkWWXxqlHRyb8SEuSnl8RUhNzc=
-7,47,SDT85fkweOcRFfjzqk46XW/N3kM=,1REf27sBzvX+9DHs+m97ZgfbZHE=
-10,44,8xzw7tLR9+t6rOTcaGsGq8r/zV4=,JMgdWM4+qCGSf1AvSN82rRo91mQ=
-10,35,8xzw7tLR9+t6rOTcaGsGq8r/zV4=,AjkWWXxqlHRyb8SEuSnl8RUhNzc=
-11,33,8xzw7tLR9+t6rOTcaGsGq8r/zV4=,AjkWWXxqlHRyb8SEuSnl8RUhNzc=
-12,33,8xzw7tLR9+t6rOTcaGsGq8r/zV4=,AjkWWXxqlHRyb8SEuSnl8RUhNzc=
-11,34,8xzw7tLR9+t6rOTcaGsGq8r/zV4=,AjkWWXxqlHRyb8SEuSnl8RUhNzc=
-12,35,0szHf5KryqzbEUBCBlT8YcyFZXs=,AjkWWXxqlHRyb8SEuSnl8RUhNzc=
-5,44,0szHf5KryqzbEUBCBlT8YcyFZXs=,1REf27sBzvX+9DHs+m97ZgfbZHE=
-10,33,0szHf5KryqzbEUBCBlT8YcyFZXs=,AjkWWXxqlHRyb8SEuSnl8RUhNzc=
-10,34,0szHf5KryqzbEUBCBlT8YcyFZXs=,AjkWWXxqlHRyb8SEuSnl8RUhNzc=
-12,32,0szHf5KryqzbEUBCBlT8YcyFZXs=,AjkWWXxqlHRyb8SEuSnl8RUhNzc=
-7,33,ib5oerav94NC3h/OD7KlaXnv7zY=,aBzCClQM5OHi8rEPsIubbyeQpb0=
-8,33,ib5oerav94NC3h/OD7KlaXnv7zY=,aBzCClQM5OHi8rEPsIubbyeQpb0=
-12,34,ib5oerav94NC3h/OD7KlaXnv7zY=,AjkWWXxqlHRyb8SEuSnl8RUhNzc=
-6,33,Jk0xh/+P/meLgElrrza+UZIAcWc=,aBzCClQM5OHi8rEPsIubbyeQpb0=
-8,35,hzk9R+9EiPDd9F5sp+bbeVhfJec=,aBzCClQM5OHi8rEPsIubbyeQpb0=
-6,34,uk/CuE4bE3ZRreCV+tvUzaZ/y/Q=,aBzCClQM5OHi8rEPsIubbyeQpb0=
-16,39,uk/CuE4bE3ZRreCV+tvUzaZ/y/Q=,AjkWWXxqlHRyb8SEuSnl8RUhNzc=
-16,40,O1pjGoAM+K1DuYs31c1MebBu/JU=,JMgdWM4+qCGSf1AvSN82rRo91mQ=
-5,33,O1pjGoAM+K1DuYs31c1MebBu/JU=,aBzCClQM5OHi8rEPsIubbyeQpb0=
-16,43,O1pjGoAM+K1DuYs31c1MebBu/JU=,JMgdWM4+qCGSf1AvSN82rRo91mQ=
-8,34,O1pjGoAM+K1DuYs31c1MebBu/JU=,aBzCClQM5OHi8rEPsIubbyeQpb0=
-8,32,sbChzSQoLmTzqj4LTYN96VrUZmM=,aBzCClQM5OHi8rEPsIubbyeQpb0=
-6,35,sbChzSQoLmTzqj4LTYN96VrUZmM=,aBzCClQM5OHi8rEPsIubbyeQpb0=
-16,32,CixrtzToyX5+HAcuKxAzk18H7F0=,AjkWWXxqlHRyb8SEuSnl8RUhNzc=
-16,42,CixrtzToyX5+HAcuKxAzk18H7F0=,JMgdWM4+qCGSf1AvSN82rRo91mQ=
-15,36,8PbcYl6IeHu9rxKuUCii0iabyUo=,AjkWWXxqlHRyb8SEuSnl8RUhNzc=
-16,36,8PbcYl6IeHu9rxKuUCii0iabyUo=,AjkWWXxqlHRyb8SEuSnl8RUhNzc=
-16,41,8PbcYl6IeHu9rxKuUCii0iabyUo=,JMgdWM4+qCGSf1AvSN82rRo91mQ=
-16,38,pTxWIXcoizUYFvD7vQJVt3fpiPA=,AjkWWXxqlHRyb8SEuSnl8RUhNzc=
-7,34,pTxWIXcoizUYFvD7vQJVt3fpiPA=,aBzCClQM5OHi8rEPsIubbyeQpb0=
-14,36,pTxWIXcoizUYFvD7vQJVt3fpiPA=,AjkWWXxqlHRyb8SEuSnl8RUhNzc=
-13,37,ar2TzuwcktAK1tJkRd44ZdhEyI0=,AjkWWXxqlHRyb8SEuSnl8RUhNzc=
-14,38,ar2TzuwcktAK1tJkRd44ZdhEyI0=,AjkWWXxqlHRyb8SEuSnl8RUhNzc=
-15,37,bO7yLuZqoC1cr7l4btcMNrY57dQ=,AjkWWXxqlHRyb8SEuSnl8RUhNzc=
-13,40,bO7yLuZqoC1cr7l4btcMNrY57dQ=,JMgdWM4+qCGSf1AvSN82rRo91mQ=
-14,37,bO7yLuZqoC1cr7l4btcMNrY57dQ=,AjkWWXxqlHRyb8SEuSnl8RUhNzc=
-16,37,VgCJ4g8raqU1yNS0lzf1QGkA6co=,AjkWWXxqlHRyb8SEuSnl8RUhNzc=
-16,47,0HGBKh9zPFKzACpv8cObJXPdKM0=,JMgdWM4+qCGSf1AvSN82rRo91mQ=
-13,36,0HGBKh9zPFKzACpv8cObJXPdKM0=,AjkWWXxqlHRyb8SEuSnl8RUhNzc=
-7,35,0HGBKh9zPFKzACpv8cObJXPdKM0=,aBzCClQM5OHi8rEPsIubbyeQpb0=
-15,39,0HGBKh9zPFKzACpv8cObJXPdKM0=,AjkWWXxqlHRyb8SEuSnl8RUhNzc=
-14,32,0HGBKh9zPFKzACpv8cObJXPdKM0=,AjkWWXxqlHRyb8SEuSnl8RUhNzc=
-5,34,0HGBKh9zPFKzACpv8cObJXPdKM0=,aBzCClQM5OHi8rEPsIubbyeQpb0=
-13,38,0HGBKh9zPFKzACpv8cObJXPdKM0=,AjkWWXxqlHRyb8SEuSnl8RUhNzc=
-13,32,0HGBKh9zPFKzACpv8cObJXPdKM0=,AjkWWXxqlHRyb8SEuSnl8RUhNzc=
-15,38,0HGBKh9zPFKzACpv8cObJXPdKM0=,AjkWWXxqlHRyb8SEuSnl8RUhNzc=
-13,39,0HGBKh9zPFKzACpv8cObJXPdKM0=,AjkWWXxqlHRyb8SEuSnl8RUhNzc=
-16,35,0HGBKh9zPFKzACpv8cObJXPdKM0=,AjkWWXxqlHRyb8SEuSnl8RUhNzc=
-14,40,0HGBKh9zPFKzACpv8cObJXPdKM0=,JMgdWM4+qCGSf1AvSN82rRo91mQ=
-16,33,0HGBKh9zPFKzACpv8cObJXPdKM0=,AjkWWXxqlHRyb8SEuSnl8RUhNzc=
-14,39,0HGBKh9zPFKzACpv8cObJXPdKM0=,AjkWWXxqlHRyb8SEuSnl8RUhNzc=
-16,34,0HGBKh9zPFKzACpv8cObJXPdKM0=,AjkWWXxqlHRyb8SEuSnl8RUhNzc=
-15,32,0HGBKh9zPFKzACpv8cObJXPdKM0=,AjkWWXxqlHRyb8SEuSnl8RUhNzc=
-15,43,0HGBKh9zPFKzACpv8cObJXPdKM0=,JMgdWM4+qCGSf1AvSN82rRo91mQ=
-15,35,0HGBKh9zPFKzACpv8cObJXPdKM0=,AjkWWXxqlHRyb8SEuSnl8RUhNzc=
-13,43,0HGBKh9zPFKzACpv8cObJXPdKM0=,JMgdWM4+qCGSf1AvSN82rRo91mQ=
-14,43,0HGBKh9zPFKzACpv8cObJXPdKM0=,JMgdWM4+qCGSf1AvSN82rRo91mQ=
-15,40,0HGBKh9zPFKzACpv8cObJXPdKM0=,JMgdWM4+qCGSf1AvSN82rRo91mQ=
-13,33,0HGBKh9zPFKzACpv8cObJXPdKM0=,AjkWWXxqlHRyb8SEuSnl8RUhNzc=
-13,42,0HGBKh9zPFKzACpv8cObJXPdKM0=,JMgdWM4+qCGSf1AvSN82rRo91mQ=
-5,32,0HGBKh9zPFKzACpv8cObJXPdKM0=,aBzCClQM5OHi8rEPsIubbyeQpb0=
-15,42,0HGBKh9zPFKzACpv8cObJXPdKM0=,JMgdWM4+qCGSf1AvSN82rRo91mQ=
-15,47,0HGBKh9zPFKzACpv8cObJXPdKM0=,JMgdWM4+qCGSf1AvSN82rRo91mQ=
-14,33,0HGBKh9zPFKzACpv8cObJXPdKM0=,AjkWWXxqlHRyb8SEuSnl8RUhNzc=
-15,41,0HGBKh9zPFKzACpv8cObJXPdKM0=,JMgdWM4+qCGSf1AvSN82rRo91mQ=
-13,47,0HGBKh9zPFKzACpv8cObJXPdKM0=,JMgdWM4+qCGSf1AvSN82rRo91mQ=
-14,47,0HGBKh9zPFKzACpv8cObJXPdKM0=,JMgdWM4+qCGSf1AvSN82rRo91mQ=
-16,46,0HGBKh9zPFKzACpv8cObJXPdKM0=,JMgdWM4+qCGSf1AvSN82rRo91mQ=
-15,46,0HGBKh9zPFKzACpv8cObJXPdKM0=,JMgdWM4+qCGSf1AvSN82rRo91mQ=
-13,46,0HGBKh9zPFKzACpv8cObJXPdKM0=,JMgdWM4+qCGSf1AvSN82rRo91mQ=
-16,44,0HGBKh9zPFKzACpv8cObJXPdKM0=,JMgdWM4+qCGSf1AvSN82rRo91mQ=
-13,45,0HGBKh9zPFKzACpv8cObJXPdKM0=,JMgdWM4+qCGSf1AvSN82rRo91mQ=
-14,42,0HGBKh9zPFKzACpv8cObJXPdKM0=,JMgdWM4+qCGSf1AvSN82rRo91mQ=
-13,41,0HGBKh9zPFKzACpv8cObJXPdKM0=,JMgdWM4+qCGSf1AvSN82rRo91mQ=
-14,46,0HGBKh9zPFKzACpv8cObJXPdKM0=,JMgdWM4+qCGSf1AvSN82rRo91mQ=
-16,45,0HGBKh9zPFKzACpv8cObJXPdKM0=,JMgdWM4+qCGSf1AvSN82rRo91mQ=
-9,35,0HGBKh9zPFKzACpv8cObJXPdKM0=,AjkWWXxqlHRyb8SEuSnl8RUhNzc=
-14,45,0HGBKh9zPFKzACpv8cObJXPdKM0=,JMgdWM4+qCGSf1AvSN82rRo91mQ=
-14,41,0HGBKh9zPFKzACpv8cObJXPdKM0=,JMgdWM4+qCGSf1AvSN82rRo91mQ=
-15,45,0HGBKh9zPFKzACpv8cObJXPdKM0=,JMgdWM4+qCGSf1AvSN82rRo91mQ=
-13,44,0HGBKh9zPFKzACpv8cObJXPdKM0=,JMgdWM4+qCGSf1AvSN82rRo91mQ=
-14,44,0HGBKh9zPFKzACpv8cObJXPdKM0=,JMgdWM4+qCGSf1AvSN82rRo91mQ=
-15,44,0HGBKh9zPFKzACpv8cObJXPdKM0=,JMgdWM4+qCGSf1AvSN82rRo91mQ=
-14,34,0HGBKh9zPFKzACpv8cObJXPdKM0=,AjkWWXxqlHRyb8SEuSnl8RUhNzc=
-15,34,vzLfE6tncrjsqQnCj67GX/V9ELA=,AjkWWXxqlHRyb8SEuSnl8RUhNzc=
-9,34,vzLfE6tncrjsqQnCj67GX/V9ELA=,AjkWWXxqlHRyb8SEuSnl8RUhNzc=
-13,35,ypDhUvlHl0Bdt9U3n7Tws1ZrBK4=,AjkWWXxqlHRyb8SEuSnl8RUhNzc=
-6,32,ypDhUvlHl0Bdt9U3n7Tws1ZrBK4=,aBzCClQM5OHi8rEPsIubbyeQpb0=
-15,33,ypDhUvlHl0Bdt9U3n7Tws1ZrBK4=,AjkWWXxqlHRyb8SEuSnl8RUhNzc=
-9,33,ypDhUvlHl0Bdt9U3n7Tws1ZrBK4=,AjkWWXxqlHRyb8SEuSnl8RUhNzc=
-13,34,ypDhUvlHl0Bdt9U3n7Tws1ZrBK4=,AjkWWXxqlHRyb8SEuSnl8RUhNzc=
-14,35,kIbVrG+hoMQXxycdgbF6DvRWJFQ=,AjkWWXxqlHRyb8SEuSnl8RUhNzc=
-5,35,kIbVrG+hoMQXxycdgbF6DvRWJFQ=,aBzCClQM5OHi8rEPsIubbyeQpb0=
-7,32,kIbVrG+hoMQXxycdgbF6DvRWJFQ=,aBzCClQM5OHi8rEPsIubbyeQpb0=
